"Package","Version","LibPath"
"abind","1.4-8","/home/user3/GJC_KDW_250721/renv/library/R-4.3/x86_64-pc-linux-gnu"
"abind","1.4-8","/home/user3/R/x86_64-pc-linux-gnu-library/4.3"
"AER","1.2-15","/home/user3/GJC_KDW_250721/renv/library/R-4.3/x86_64-pc-linux-gnu"
"affxparser","1.74.0","/home/user3/R/x86_64-pc-linux-gnu-library/4.3"
"affy","1.80.0","/home/user3/R/x86_64-pc-linux-gnu-library/4.3"
"affyio","1.72.0","/home/user3/R/x86_64-pc-linux-gnu-library/4.3"
"akima","0.6-3.6","/home/user3/GJC_KDW_250721/renv/library/R-4.3/x86_64-pc-linux-gnu"
"annotate","1.80.0","/home/user3/GJC_KDW_250721/renv/library/R-4.3/x86_64-pc-linux-gnu"
"AnnotationDbi","1.64.1","/home/user3/GJC_KDW_250721/renv/library/R-4.3/x86_64-pc-linux-gnu"
"AnnotationDbi","1.64.1","/home/user3/R/x86_64-pc-linux-gnu-library/4.3"
"AnnotationFilter","1.26.0","/home/user3/GJC_KDW_250721/renv/library/R-4.3/x86_64-pc-linux-gnu"
"AnnotationHub","3.10.1","/home/user3/GJC_KDW_250721/renv/library/R-4.3/x86_64-pc-linux-gnu"
"aod","1.3.3","/home/user3/GJC_KDW_250721/renv/library/R-4.3/x86_64-pc-linux-gnu"
"ape","5.8-1","/home/user3/GJC_KDW_250721/renv/library/R-4.3/x86_64-pc-linux-gnu"
"ape","5.8-1","/home/user3/R/x86_64-pc-linux-gnu-library/4.3"
"aplot","0.2.9","/home/user3/GJC_KDW_250721/renv/library/R-4.3/x86_64-pc-linux-gnu"
"aplot","0.2.9","/home/user3/R/x86_64-pc-linux-gnu-library/4.3"
"argparser","0.7.2","/home/user3/R/x86_64-pc-linux-gnu-library/4.3"
"arm","1.14-4","/home/user3/GJC_KDW_250721/renv/library/R-4.3/x86_64-pc-linux-gnu"
"askpass","1.2.1","/home/user3/GJC_KDW_250721/renv/library/R-4.3/x86_64-pc-linux-gnu"
"askpass","1.2.1","/home/user3/R/x86_64-pc-linux-gnu-library/4.3"
"assertthat","0.2.1","/home/user3/GJC_KDW_250721/renv/library/R-4.3/x86_64-pc-linux-gnu"
"Augur","1.0.3","/home/user3/R/x86_64-pc-linux-gnu-library/4.3"
"Azimuth","0.5.0","/home/user3/GJC_KDW_250721/renv/library/R-4.3/x86_64-pc-linux-gnu"
"babelgene","22.9","/home/user3/GJC_KDW_250721/renv/library/R-4.3/x86_64-pc-linux-gnu"
"babelwhale","1.2.0","/home/user3/GJC_KDW_250721/renv/library/R-4.3/x86_64-pc-linux-gnu"
"backports","1.5.0","/home/user3/GJC_KDW_250721/renv/library/R-4.3/x86_64-pc-linux-gnu"
"backports","1.5.0","/home/user3/R/x86_64-pc-linux-gnu-library/4.3"
"base","4.3.2","/opt/R/4.3.2/lib/R/library"
"base64enc","0.1-3","/home/user3/GJC_KDW_250721/renv/library/R-4.3/x86_64-pc-linux-gnu"
"base64enc","0.1-3","/home/user3/R/x86_64-pc-linux-gnu-library/4.3"
"basilisk","1.14.3","/home/user3/R/x86_64-pc-linux-gnu-library/4.3"
"basilisk.utils","1.14.1","/home/user3/R/x86_64-pc-linux-gnu-library/4.3"
"batchelor","1.18.1","/home/user3/GJC_KDW_250721/renv/library/R-4.3/x86_64-pc-linux-gnu"
"BBmisc","1.13","/home/user3/GJC_KDW_250721/renv/library/R-4.3/x86_64-pc-linux-gnu"
"BBmisc","1.13","/home/user3/R/x86_64-pc-linux-gnu-library/4.3"
"beachmat","2.18.1","/home/user3/GJC_KDW_250721/renv/library/R-4.3/x86_64-pc-linux-gnu"
"beeswarm","0.4.0","/home/user3/GJC_KDW_250721/renv/library/R-4.3/x86_64-pc-linux-gnu"
"BH","1.87.0-1","/home/user3/GJC_KDW_250721/renv/library/R-4.3/x86_64-pc-linux-gnu"
"BH","1.87.0-1","/home/user3/R/x86_64-pc-linux-gnu-library/4.3"
"BiasedUrn","2.0.12","/home/user3/GJC_KDW_250721/renv/library/R-4.3/x86_64-pc-linux-gnu"
"biglm","0.9-3","/home/user3/GJC_KDW_250721/renv/library/R-4.3/x86_64-pc-linux-gnu"
"Biobase","2.62.0","/home/user3/GJC_KDW_250721/renv/library/R-4.3/x86_64-pc-linux-gnu"
"Biobase","2.62.0","/home/user3/R/x86_64-pc-linux-gnu-library/4.3"
"BiocFileCache","2.10.2","/home/user3/GJC_KDW_250721/renv/library/R-4.3/x86_64-pc-linux-gnu"
"BiocGenerics","0.48.1","/home/user3/GJC_KDW_250721/renv/library/R-4.3/x86_64-pc-linux-gnu"
"BiocGenerics","0.46.0","/home/user3/R/x86_64-pc-linux-gnu-library/4.3"
"BiocIO","1.12.0","/home/user3/GJC_KDW_250721/renv/library/R-4.3/x86_64-pc-linux-gnu"
"BiocManager","1.30.25","/home/user3/GJC_KDW_250721/renv/library/R-4.3/x86_64-pc-linux-gnu"
"BiocManager","1.30.27","/home/user3/R/x86_64-pc-linux-gnu-library/4.3"
"BiocNeighbors","1.20.2","/home/user3/GJC_KDW_250721/renv/library/R-4.3/x86_64-pc-linux-gnu"
"BiocParallel","1.36.0","/home/user3/GJC_KDW_250721/renv/library/R-4.3/x86_64-pc-linux-gnu"
"BiocParallel","1.36.0","/home/user3/R/x86_64-pc-linux-gnu-library/4.3"
"BiocSingular","1.18.0","/home/user3/GJC_KDW_250721/renv/library/R-4.3/x86_64-pc-linux-gnu"
"BiocStyle","2.30.0","/home/user3/GJC_KDW_250721/renv/library/R-4.3/x86_64-pc-linux-gnu"
"BiocVersion","3.18.1","/home/user3/GJC_KDW_250721/renv/library/R-4.3/x86_64-pc-linux-gnu"
"BiocVersion","3.18.1","/home/user3/R/x86_64-pc-linux-gnu-library/4.3"
"biomaRt","2.58.2","/home/user3/GJC_KDW_250721/renv/library/R-4.3/x86_64-pc-linux-gnu"
"Biostrings","2.70.3","/home/user3/GJC_KDW_250721/renv/library/R-4.3/x86_64-pc-linux-gnu"
"Biostrings","2.70.3","/home/user3/R/x86_64-pc-linux-gnu-library/4.3"
"bit","4.6.0","/home/user3/GJC_KDW_250721/renv/library/R-4.3/x86_64-pc-linux-gnu"
"bit","4.6.0","/home/user3/R/x86_64-pc-linux-gnu-library/4.3"
"bit64","4.6.0-1","/home/user3/GJC_KDW_250721/renv/library/R-4.3/x86_64-pc-linux-gnu"
"bit64","4.6.0-1","/home/user3/R/x86_64-pc-linux-gnu-library/4.3"
"bitops","1.0-9","/home/user3/GJC_KDW_250721/renv/library/R-4.3/x86_64-pc-linux-gnu"
"bitops","1.0-9","/home/user3/R/x86_64-pc-linux-gnu-library/4.3"
"blme","1.0-6","/home/user3/GJC_KDW_250721/renv/library/R-4.3/x86_64-pc-linux-gnu"
"blob","1.2.4","/home/user3/GJC_KDW_250721/renv/library/R-4.3/x86_64-pc-linux-gnu"
"blob","1.2.4","/home/user3/R/x86_64-pc-linux-gnu-library/4.3"
"bluster","1.12.0","/home/user3/GJC_KDW_250721/renv/library/R-4.3/x86_64-pc-linux-gnu"
"bookdown","0.40","/home/user3/GJC_KDW_250721/renv/library/R-4.3/x86_64-pc-linux-gnu"
"boot","1.3-28","/home/user3/GJC_KDW_250721/renv/library/R-4.3/x86_64-pc-linux-gnu"
"boot","1.3-28.1","/opt/R/4.3.2/lib/R/library"
"BPCells","0.3.1","/home/user3/GJC_KDW_250721/renv/library/R-4.3/x86_64-pc-linux-gnu"
"brew","1.0-10","/home/user3/GJC_KDW_250721/renv/library/R-4.3/x86_64-pc-linux-gnu"
"brew","1.0-10","/home/user3/R/x86_64-pc-linux-gnu-library/4.3"
"brio","1.1.5","/home/user3/GJC_KDW_250721/renv/library/R-4.3/x86_64-pc-linux-gnu"
"brio","1.1.5","/home/user3/R/x86_64-pc-linux-gnu-library/4.3"
"broom","1.0.10","/home/user3/GJC_KDW_250721/renv/library/R-4.3/x86_64-pc-linux-gnu"
"broom","1.0.10","/home/user3/R/x86_64-pc-linux-gnu-library/4.3"
"broom.mixed","0.2.9.6","/home/user3/GJC_KDW_250721/renv/library/R-4.3/x86_64-pc-linux-gnu"
"BSgenome","1.70.2","/home/user3/GJC_KDW_250721/renv/library/R-4.3/x86_64-pc-linux-gnu"
"BSgenome.Hsapiens.UCSC.hg38","1.4.5","/home/user3/GJC_KDW_250721/renv/library/R-4.3/x86_64-pc-linux-gnu"
"bslib","0.9.0","/home/user3/GJC_KDW_250721/renv/library/R-4.3/x86_64-pc-linux-gnu"
"bslib","0.9.0","/home/user3/R/x86_64-pc-linux-gnu-library/4.3"
"cachem","1.1.0","/home/user3/GJC_KDW_250721/renv/library/R-4.3/x86_64-pc-linux-gnu"
"cachem","1.1.0","/home/user3/R/x86_64-pc-linux-gnu-library/4.3"
"Cairo","1.6-5","/home/user3/GJC_KDW_250721/renv/library/R-4.3/x86_64-pc-linux-gnu"
"callr","3.7.6","/home/user3/GJC_KDW_250721/renv/library/R-4.3/x86_64-pc-linux-gnu"
"callr","3.7.6","/home/user3/R/x86_64-pc-linux-gnu-library/4.3"
"car","3.1-3","/home/user3/GJC_KDW_250721/renv/library/R-4.3/x86_64-pc-linux-gnu"
"car","3.1-3","/home/user3/R/x86_64-pc-linux-gnu-library/4.3"
"carData","3.0-5","/home/user3/GJC_KDW_250721/renv/library/R-4.3/x86_64-pc-linux-gnu"
"carData","3.0-5","/home/user3/R/x86_64-pc-linux-gnu-library/4.3"
"caret","7.0-1","/home/user3/GJC_KDW_250721/renv/library/R-4.3/x86_64-pc-linux-gnu"
"caret","7.0-1","/home/user3/R/x86_64-pc-linux-gnu-library/4.3"
"carrier","0.1.1","/home/user3/GJC_KDW_250721/renv/library/R-4.3/x86_64-pc-linux-gnu"
"caTools","1.18.3","/home/user3/GJC_KDW_250721/renv/library/R-4.3/x86_64-pc-linux-gnu"
"caTools","1.18.3","/home/user3/R/x86_64-pc-linux-gnu-library/4.3"
"CellChat","2.2.0","/home/user3/GJC_KDW_250721/renv/library/R-4.3/x86_64-pc-linux-gnu"
"celldex","1.12.0","/home/user3/GJC_KDW_250721/renv/library/R-4.3/x86_64-pc-linux-gnu"
"cellranger","1.1.0","/home/user3/GJC_KDW_250721/renv/library/R-4.3/x86_64-pc-linux-gnu"
"cellranger","1.1.0","/home/user3/R/x86_64-pc-linux-gnu-library/4.3"
"checkmate","2.3.3","/home/user3/GJC_KDW_250721/renv/library/R-4.3/x86_64-pc-linux-gnu"
"checkmate","2.3.3","/home/user3/R/x86_64-pc-linux-gnu-library/4.3"
"circlize","0.4.16","/home/user3/GJC_KDW_250721/renv/library/R-4.3/x86_64-pc-linux-gnu"
"circlize","0.4.16","/home/user3/R/x86_64-pc-linux-gnu-library/4.3"
"class","7.3-22","/home/user3/GJC_KDW_250721/renv/library/R-4.3/x86_64-pc-linux-gnu"
"class","7.3-22","/opt/R/4.3.2/lib/R/library"
"classInt","0.4-11","/home/user3/GJC_KDW_250721/renv/library/R-4.3/x86_64-pc-linux-gnu"
"cli","3.6.5","/home/user3/GJC_KDW_250721/renv/library/R-4.3/x86_64-pc-linux-gnu"
"cli","3.6.5","/home/user3/R/x86_64-pc-linux-gnu-library/4.3"
"clipr","0.8.0","/home/user3/GJC_KDW_250721/renv/library/R-4.3/x86_64-pc-linux-gnu"
"clipr","0.8.0","/home/user3/R/x86_64-pc-linux-gnu-library/4.3"
"clock","0.7.3","/home/user3/GJC_KDW_250721/renv/library/R-4.3/x86_64-pc-linux-gnu"
"clock","0.7.3","/home/user3/R/x86_64-pc-linux-gnu-library/4.3"
"clue","0.3-66","/home/user3/GJC_KDW_250721/renv/library/R-4.3/x86_64-pc-linux-gnu"
"clue","0.3-66","/home/user3/R/x86_64-pc-linux-gnu-library/4.3"
"cluster","2.1.2","/home/user3/GJC_KDW_250721/renv/library/R-4.3/x86_64-pc-linux-gnu"
"cluster","2.1.4","/opt/R/4.3.2/lib/R/library"
"clusterProfiler","4.10.1","/home/user3/GJC_KDW_250721/renv/library/R-4.3/x86_64-pc-linux-gnu"
"CNEr","1.38.0","/home/user3/GJC_KDW_250721/renv/library/R-4.3/x86_64-pc-linux-gnu"
"coda","0.19-4.1","/home/user3/GJC_KDW_250721/renv/library/R-4.3/x86_64-pc-linux-gnu"
"codetools","0.2-18","/home/user3/GJC_KDW_250721/renv/library/R-4.3/x86_64-pc-linux-gnu"
"codetools","0.2-19","/opt/R/4.3.2/lib/R/library"
"collections","0.3.9","/home/user3/GJC_KDW_250721/renv/library/R-4.3/x86_64-pc-linux-gnu"
"collections","0.3.9","/home/user3/R/x86_64-pc-linux-gnu-library/4.3"
"colorRamp2","0.1.0","/home/user3/GJC_KDW_250721/renv/library/R-4.3/x86_64-pc-linux-gnu"
"colorspace","2.1-2","/home/user3/GJC_KDW_250721/renv/library/R-4.3/x86_64-pc-linux-gnu"
"colorspace","2.1-2","/home/user3/R/x86_64-pc-linux-gnu-library/4.3"
"combinat","0.0-8","/home/user3/R/x86_64-pc-linux-gnu-library/4.3"
"commonmark","2.0.0","/home/user3/GJC_KDW_250721/renv/library/R-4.3/x86_64-pc-linux-gnu"
"commonmark","2.0.0","/home/user3/R/x86_64-pc-linux-gnu-library/4.3"
"compiler","4.3.2","/opt/R/4.3.2/lib/R/library"
"ComplexHeatmap","2.18.0","/home/user3/GJC_KDW_250721/renv/library/R-4.3/x86_64-pc-linux-gnu"
"ComplexHeatmap","2.16.0","/home/user3/R/x86_64-pc-linux-gnu-library/4.3"
"ComplexUpset","1.3.3","/home/user3/GJC_KDW_250721/renv/library/R-4.3/x86_64-pc-linux-gnu"
"conflicted","1.2.0","/home/user3/GJC_KDW_250721/renv/library/R-4.3/x86_64-pc-linux-gnu"
"conflicted","1.2.0","/home/user3/R/x86_64-pc-linux-gnu-library/4.3"
"corpcor","1.6.10","/home/user3/GJC_KDW_250721/renv/library/R-4.3/x86_64-pc-linux-gnu"
"corrplot","0.95","/home/user3/GJC_KDW_250721/renv/library/R-4.3/x86_64-pc-linux-gnu"
"corrplot","0.95","/home/user3/R/x86_64-pc-linux-gnu-library/4.3"
"cowplot","1.2.0","/home/user3/GJC_KDW_250721/renv/library/R-4.3/x86_64-pc-linux-gnu"
"cowplot","1.2.0","/home/user3/R/x86_64-pc-linux-gnu-library/4.3"
"cpp11","0.5.2","/home/user3/GJC_KDW_250721/renv/library/R-4.3/x86_64-pc-linux-gnu"
"cpp11","0.5.2","/home/user3/R/x86_64-pc-linux-gnu-library/4.3"
"crayon","1.5.3","/home/user3/GJC_KDW_250721/renv/library/R-4.3/x86_64-pc-linux-gnu"
"crayon","1.5.3","/home/user3/R/x86_64-pc-linux-gnu-library/4.3"
"credentials","2.0.1","/home/user3/GJC_KDW_250721/renv/library/R-4.3/x86_64-pc-linux-gnu"
"credentials","2.0.3","/home/user3/R/x86_64-pc-linux-gnu-library/4.3"
"crosstalk","1.2.2","/home/user3/GJC_KDW_250721/renv/library/R-4.3/x86_64-pc-linux-gnu"
"crosstalk","1.2.2","/home/user3/R/x86_64-pc-linux-gnu-library/4.3"
"curl","7.0.0","/home/user3/GJC_KDW_250721/renv/library/R-4.3/x86_64-pc-linux-gnu"
"curl","7.0.0","/home/user3/R/x86_64-pc-linux-gnu-library/4.3"
"data.table","1.17.8","/home/user3/GJC_KDW_250721/renv/library/R-4.3/x86_64-pc-linux-gnu"
"data.table","1.17.8","/home/user3/R/x86_64-pc-linux-gnu-library/4.3"
"data.tree","1.1.0","/home/user3/GJC_KDW_250721/renv/library/R-4.3/x86_64-pc-linux-gnu"
"datasets","4.3.2","/opt/R/4.3.2/lib/R/library"
"DBI","1.2.3","/home/user3/GJC_KDW_250721/renv/library/R-4.3/x86_64-pc-linux-gnu"
"DBI","1.2.3","/home/user3/R/x86_64-pc-linux-gnu-library/4.3"
"dbplyr","2.5.1","/home/user3/GJC_KDW_250721/renv/library/R-4.3/x86_64-pc-linux-gnu"
"dbplyr","2.5.1","/home/user3/R/x86_64-pc-linux-gnu-library/4.3"
"decoupleR","2.8.0","/home/user3/GJC_KDW_250721/renv/library/R-4.3/x86_64-pc-linux-gnu"
"DelayedArray","0.28.0","/home/user3/GJC_KDW_250721/renv/library/R-4.3/x86_64-pc-linux-gnu"
"DelayedArray","0.28.0","/home/user3/R/x86_64-pc-linux-gnu-library/4.3"
"DelayedMatrixStats","1.24.0","/home/user3/GJC_KDW_250721/renv/library/R-4.3/x86_64-pc-linux-gnu"
"deldir","2.0-4","/home/user3/GJC_KDW_250721/renv/library/R-4.3/x86_64-pc-linux-gnu"
"deldir","2.0-4","/home/user3/R/x86_64-pc-linux-gnu-library/4.3"
"dendextend","1.19.1","/home/user3/GJC_KDW_250721/renv/library/R-4.3/x86_64-pc-linux-gnu"
"DEoptimR","1.1-3","/home/user3/GJC_KDW_250721/renv/library/R-4.3/x86_64-pc-linux-gnu"
"Deriv","4.2.0","/home/user3/GJC_KDW_250721/renv/library/R-4.3/x86_64-pc-linux-gnu"
"Deriv","4.2.0","/home/user3/R/x86_64-pc-linux-gnu-library/4.3"
"desc","1.4.3","/home/user3/GJC_KDW_250721/renv/library/R-4.3/x86_64-pc-linux-gnu"
"desc","1.4.3","/home/user3/R/x86_64-pc-linux-gnu-library/4.3"
"DESeq2","1.42.1","/home/user3/GJC_KDW_250721/renv/library/R-4.3/x86_64-pc-linux-gnu"
"devtools","2.4.5","/home/user3/GJC_KDW_250721/renv/library/R-4.3/x86_64-pc-linux-gnu"
"devtools","2.4.6","/home/user3/R/x86_64-pc-linux-gnu-library/4.3"
"diagram","1.6.5","/home/user3/GJC_KDW_250721/renv/library/R-4.3/x86_64-pc-linux-gnu"
"diagram","1.6.5","/home/user3/R/x86_64-pc-linux-gnu-library/4.3"
"DiagrammeR","1.0.11","/home/user3/GJC_KDW_250721/renv/library/R-4.3/x86_64-pc-linux-gnu"
"DiagrammeR","1.0.11","/home/user3/R/x86_64-pc-linux-gnu-library/4.3"
"DiagrammeRsvg","0.1","/home/user3/GJC_KDW_250721/renv/library/R-4.3/x86_64-pc-linux-gnu"
"DiagrammeRsvg","0.1","/home/user3/R/x86_64-pc-linux-gnu-library/4.3"
"DiceKriging","1.6.1","/home/user3/GJC_KDW_250721/renv/library/R-4.3/x86_64-pc-linux-gnu"
"DiceKriging","1.6.1","/home/user3/R/x86_64-pc-linux-gnu-library/4.3"
"dichromat","2.0-0.1","/home/user3/R/x86_64-pc-linux-gnu-library/4.3"
"diffobj","0.3.5","/home/user3/GJC_KDW_250721/renv/library/R-4.3/x86_64-pc-linux-gnu"
"diffobj","0.3.6","/home/user3/R/x86_64-pc-linux-gnu-library/4.3"
"digest","0.6.39","/home/user3/GJC_KDW_250721/renv/library/R-4.3/x86_64-pc-linux-gnu"
"digest","0.6.39","/home/user3/R/x86_64-pc-linux-gnu-library/4.3"
"diptest","0.77-1","/home/user3/GJC_KDW_250721/renv/library/R-4.3/x86_64-pc-linux-gnu"
"dir.expiry","1.10.0","/home/user3/R/x86_64-pc-linux-gnu-library/4.3"
"DirichletMultinomial","1.44.0","/home/user3/GJC_KDW_250721/renv/library/R-4.3/x86_64-pc-linux-gnu"
"distributional","0.5.0","/home/user3/GJC_KDW_250721/renv/library/R-4.3/x86_64-pc-linux-gnu"
"doBy","4.7.0","/home/user3/GJC_KDW_250721/renv/library/R-4.3/x86_64-pc-linux-gnu"
"doBy","4.7.1","/home/user3/R/x86_64-pc-linux-gnu-library/4.3"
"doFuture","1.1.2","/home/user3/GJC_KDW_250721/renv/library/R-4.3/x86_64-pc-linux-gnu"
"doFuture","1.1.3","/home/user3/R/x86_64-pc-linux-gnu-library/4.3"
"doParallel","1.0.17","/home/user3/GJC_KDW_250721/renv/library/R-4.3/x86_64-pc-linux-gnu"
"doParallel","1.0.17","/home/user3/R/x86_64-pc-linux-gnu-library/4.3"
"doRNG","1.8.6.2","/home/user3/GJC_KDW_250721/renv/library/R-4.3/x86_64-pc-linux-gnu"
"DOSE","3.28.2","/home/user3/GJC_KDW_250721/renv/library/R-4.3/x86_64-pc-linux-gnu"
"dotCall64","1.2","/home/user3/GJC_KDW_250721/renv/library/R-4.3/x86_64-pc-linux-gnu"
"dotCall64","1.2","/home/user3/R/x86_64-pc-linux-gnu-library/4.3"
"downlit","0.4.4","/home/user3/GJC_KDW_250721/renv/library/R-4.3/x86_64-pc-linux-gnu"
"downlit","0.4.5","/home/user3/R/x86_64-pc-linux-gnu-library/4.3"
"downloader","0.4.1","/home/user3/GJC_KDW_250721/renv/library/R-4.3/x86_64-pc-linux-gnu"
"downloader","0.4.1","/home/user3/R/x86_64-pc-linux-gnu-library/4.3"
"dplyr","1.1.4","/home/user3/GJC_KDW_250721/renv/library/R-4.3/x86_64-pc-linux-gnu"
"dplyr","1.1.4","/home/user3/R/x86_64-pc-linux-gnu-library/4.3"
"dqrng","0.4.1","/home/user3/GJC_KDW_250721/renv/library/R-4.3/x86_64-pc-linux-gnu"
"dqrng","0.4.1","/home/user3/R/x86_64-pc-linux-gnu-library/4.3"
"DropletUtils","1.22.0","/home/user3/GJC_KDW_250721/renv/library/R-4.3/x86_64-pc-linux-gnu"
"DT","0.33","/home/user3/GJC_KDW_250721/renv/library/R-4.3/x86_64-pc-linux-gnu"
"dtplyr","1.3.2","/home/user3/GJC_KDW_250721/renv/library/R-4.3/x86_64-pc-linux-gnu"
"dtplyr","1.3.2","/home/user3/R/x86_64-pc-linux-gnu-library/4.3"
"dunn.test","1.3.6","/home/user3/GJC_KDW_250721/renv/library/R-4.3/x86_64-pc-linux-gnu"
"dunn.test","1.3.6","/home/user3/R/x86_64-pc-linux-gnu-library/4.3"
"dyndimred","1.0.4","/home/user3/GJC_KDW_250721/renv/library/R-4.3/x86_64-pc-linux-gnu"
"dynfeature","1.0.1","/home/user3/GJC_KDW_250721/renv/library/R-4.3/x86_64-pc-linux-gnu"
"dynguidelines","1.0.1","/home/user3/GJC_KDW_250721/renv/library/R-4.3/x86_64-pc-linux-gnu"
"dynmethods","1.0.5.9000","/home/user3/GJC_KDW_250721/renv/library/R-4.3/x86_64-pc-linux-gnu"
"dyno","0.1.2","/home/user3/GJC_KDW_250721/renv/library/R-4.3/x86_64-pc-linux-gnu"
"dynparam","1.0.2","/home/user3/GJC_KDW_250721/renv/library/R-4.3/x86_64-pc-linux-gnu"
"dynplot","1.1.2","/home/user3/GJC_KDW_250721/renv/library/R-4.3/x86_64-pc-linux-gnu"
"dynutils","1.0.12","/home/user3/GJC_KDW_250721/renv/library/R-4.3/x86_64-pc-linux-gnu"
"dynwrap","1.2.4","/home/user3/GJC_KDW_250721/renv/library/R-4.3/x86_64-pc-linux-gnu"
"e1071","1.7-16","/home/user3/GJC_KDW_250721/renv/library/R-4.3/x86_64-pc-linux-gnu"
"e1071","1.7-16","/home/user3/R/x86_64-pc-linux-gnu-library/4.3"
"earth","5.3.4","/home/user3/GJC_KDW_250721/renv/library/R-4.3/x86_64-pc-linux-gnu"
"earth","5.3.4","/home/user3/R/x86_64-pc-linux-gnu-library/4.3"
"edgeR","4.0.16","/home/user3/GJC_KDW_250721/renv/library/R-4.3/x86_64-pc-linux-gnu"
"edgeR","4.0.16","/home/user3/R/x86_64-pc-linux-gnu-library/4.3"
"ellipse","0.5.0","/home/user3/GJC_KDW_250721/renv/library/R-4.3/x86_64-pc-linux-gnu"
"ellipsis","0.3.2","/home/user3/GJC_KDW_250721/renv/library/R-4.3/x86_64-pc-linux-gnu"
"ellipsis","0.3.2","/home/user3/R/x86_64-pc-linux-gnu-library/4.3"
"emmeans","2.0.0","/home/user3/GJC_KDW_250721/renv/library/R-4.3/x86_64-pc-linux-gnu"
"emmeans","2.0.0","/home/user3/R/x86_64-pc-linux-gnu-library/4.3"
"emoa","0.5-3","/home/user3/GJC_KDW_250721/renv/library/R-4.3/x86_64-pc-linux-gnu"
"emoa","0.5-3","/home/user3/R/x86_64-pc-linux-gnu-library/4.3"
"EnhancedVolcano","1.20.0","/home/user3/GJC_KDW_250721/renv/library/R-4.3/x86_64-pc-linux-gnu"
"enrichplot","1.22.0","/home/user3/GJC_KDW_250721/renv/library/R-4.3/x86_64-pc-linux-gnu"
"enrichR","3.4","/home/user3/GJC_KDW_250721/renv/library/R-4.3/x86_64-pc-linux-gnu"
"EnsDb.Hsapiens.v86","2.99.0","/home/user3/GJC_KDW_250721/renv/library/R-4.3/x86_64-pc-linux-gnu"
"ensembldb","2.26.0","/home/user3/GJC_KDW_250721/renv/library/R-4.3/x86_64-pc-linux-gnu"
"EnvStats","3.0.0","/home/user3/GJC_KDW_250721/renv/library/R-4.3/x86_64-pc-linux-gnu"
"escape","1.12.0","/home/user3/GJC_KDW_250721/renv/library/R-4.3/x86_64-pc-linux-gnu"
"estimability","1.5.1","/home/user3/GJC_KDW_250721/renv/library/R-4.3/x86_64-pc-linux-gnu"
"estimability","1.5.1","/home/user3/R/x86_64-pc-linux-gnu-library/4.3"
"evaluate","1.0.5","/home/user3/GJC_KDW_250721/renv/library/R-4.3/x86_64-pc-linux-gnu"
"evaluate","1.0.5","/home/user3/R/x86_64-pc-linux-gnu-library/4.3"
"ExperimentHub","2.10.0","/home/user3/GJC_KDW_250721/renv/library/R-4.3/x86_64-pc-linux-gnu"
"expm","1.0-0","/home/user3/GJC_KDW_250721/renv/library/R-4.3/x86_64-pc-linux-gnu"
"factoextra","1.0.7","/home/user3/GJC_KDW_250721/renv/library/R-4.3/x86_64-pc-linux-gnu"
"FactoMineR","2.12","/home/user3/GJC_KDW_250721/renv/library/R-4.3/x86_64-pc-linux-gnu"
"fANCOVA","0.6-1","/home/user3/GJC_KDW_250721/renv/library/R-4.3/x86_64-pc-linux-gnu"
"fansi","1.0.6","/home/user3/GJC_KDW_250721/renv/library/R-4.3/x86_64-pc-linux-gnu"
"fansi","1.0.6","/home/user3/R/x86_64-pc-linux-gnu-library/4.3"
"farver","2.1.2","/home/user3/GJC_KDW_250721/renv/library/R-4.3/x86_64-pc-linux-gnu"
"farver","2.1.2","/home/user3/R/x86_64-pc-linux-gnu-library/4.3"
"fastDummies","1.7.5","/home/user3/GJC_KDW_250721/renv/library/R-4.3/x86_64-pc-linux-gnu"
"fastDummies","1.7.5","/home/user3/R/x86_64-pc-linux-gnu-library/4.3"
"fastICA","1.2-7","/home/user3/R/x86_64-pc-linux-gnu-library/4.3"
"fastmap","1.2.0","/home/user3/GJC_KDW_250721/renv/library/R-4.3/x86_64-pc-linux-gnu"
"fastmap","1.2.0","/home/user3/R/x86_64-pc-linux-gnu-library/4.3"
"fastmatch","1.1-6","/home/user3/GJC_KDW_250721/renv/library/R-4.3/x86_64-pc-linux-gnu"
"fastmatch","1.1-6","/home/user3/R/x86_64-pc-linux-gnu-library/4.3"
"fdrtool","1.2.18","/home/user3/GJC_KDW_250721/renv/library/R-4.3/x86_64-pc-linux-gnu"
"fdrtool","1.2.18","/home/user3/R/x86_64-pc-linux-gnu-library/4.3"
"ff","4.5.2","/home/user3/R/x86_64-pc-linux-gnu-library/4.3"
"fgsea","1.28.0","/home/user3/GJC_KDW_250721/renv/library/R-4.3/x86_64-pc-linux-gnu"
"filelock","1.0.3","/home/user3/GJC_KDW_250721/renv/library/R-4.3/x86_64-pc-linux-gnu"
"filelock","1.0.3","/home/user3/R/x86_64-pc-linux-gnu-library/4.3"
"fitdistrplus","1.2-4","/home/user3/GJC_KDW_250721/renv/library/R-4.3/x86_64-pc-linux-gnu"
"fitdistrplus","1.2-4","/home/user3/R/x86_64-pc-linux-gnu-library/4.3"
"flashClust","1.01-2","/home/user3/GJC_KDW_250721/renv/library/R-4.3/x86_64-pc-linux-gnu"
"FlexParamCurve","1.5-7","/home/user3/GJC_KDW_250721/renv/library/R-4.3/x86_64-pc-linux-gnu"
"FlexParamCurve","1.5-7","/home/user3/R/x86_64-pc-linux-gnu-library/4.3"
"FNN","1.1.4.1","/home/user3/GJC_KDW_250721/renv/library/R-4.3/x86_64-pc-linux-gnu"
"FNN","1.1.4.1","/home/user3/R/x86_64-pc-linux-gnu-library/4.3"
"fontawesome","0.5.3","/home/user3/GJC_KDW_250721/renv/library/R-4.3/x86_64-pc-linux-gnu"
"fontawesome","0.5.3","/home/user3/R/x86_64-pc-linux-gnu-library/4.3"
"fontBitstreamVera","0.1.1","/home/user3/GJC_KDW_250721/renv/library/R-4.3/x86_64-pc-linux-gnu"
"fontBitstreamVera","0.1.1","/home/user3/R/x86_64-pc-linux-gnu-library/4.3"
"fontLiberation","0.1.0","/home/user3/GJC_KDW_250721/renv/library/R-4.3/x86_64-pc-linux-gnu"
"fontLiberation","0.1.0","/home/user3/R/x86_64-pc-linux-gnu-library/4.3"
"fontquiver","0.2.1","/home/user3/GJC_KDW_250721/renv/library/R-4.3/x86_64-pc-linux-gnu"
"fontquiver","0.2.1","/home/user3/R/x86_64-pc-linux-gnu-library/4.3"
"forcats","1.0.1","/home/user3/GJC_KDW_250721/renv/library/R-4.3/x86_64-pc-linux-gnu"
"forcats","1.0.1","/home/user3/R/x86_64-pc-linux-gnu-library/4.3"
"foreach","1.5.2","/home/user3/GJC_KDW_250721/renv/library/R-4.3/x86_64-pc-linux-gnu"
"foreach","1.5.2","/home/user3/R/x86_64-pc-linux-gnu-library/4.3"
"forecast","8.24.0","/home/user3/GJC_KDW_250721/renv/library/R-4.3/x86_64-pc-linux-gnu"
"forecast","8.24.0","/home/user3/R/x86_64-pc-linux-gnu-library/4.3"
"foreign","0.8-82","/home/user3/GJC_KDW_250721/renv/library/R-4.3/x86_64-pc-linux-gnu"
"foreign","0.8-85","/opt/R/4.3.2/lib/R/library"
"formatR","1.14","/home/user3/GJC_KDW_250721/renv/library/R-4.3/x86_64-pc-linux-gnu"
"formatR","1.14","/home/user3/R/x86_64-pc-linux-gnu-library/4.3"
"Formula","1.2-5","/home/user3/GJC_KDW_250721/renv/library/R-4.3/x86_64-pc-linux-gnu"
"Formula","1.2-5","/home/user3/R/x86_64-pc-linux-gnu-library/4.3"
"fracdiff","1.5-3","/home/user3/GJC_KDW_250721/renv/library/R-4.3/x86_64-pc-linux-gnu"
"fracdiff","1.5-3","/home/user3/R/x86_64-pc-linux-gnu-library/4.3"
"fs","1.6.6","/home/user3/GJC_KDW_250721/renv/library/R-4.3/x86_64-pc-linux-gnu"
"fs","1.6.6","/home/user3/R/x86_64-pc-linux-gnu-library/4.3"
"FSA","0.10.0","/home/user3/GJC_KDW_250721/renv/library/R-4.3/x86_64-pc-linux-gnu"
"FSA","0.10.0","/home/user3/R/x86_64-pc-linux-gnu-library/4.3"
"furrr","0.3.1","/home/user3/GJC_KDW_250721/renv/library/R-4.3/x86_64-pc-linux-gnu"
"futile.logger","1.4.3","/home/user3/GJC_KDW_250721/renv/library/R-4.3/x86_64-pc-linux-gnu"
"futile.logger","1.4.3","/home/user3/R/x86_64-pc-linux-gnu-library/4.3"
"futile.options","1.0.1","/home/user3/GJC_KDW_250721/renv/library/R-4.3/x86_64-pc-linux-gnu"
"futile.options","1.0.1","/home/user3/R/x86_64-pc-linux-gnu-library/4.3"
"future","1.67.0","/home/user3/GJC_KDW_250721/renv/library/R-4.3/x86_64-pc-linux-gnu"
"future","1.68.0","/home/user3/R/x86_64-pc-linux-gnu-library/4.3"
"future.apply","1.20.0","/home/user3/GJC_KDW_250721/renv/library/R-4.3/x86_64-pc-linux-gnu"
"future.apply","1.20.0","/home/user3/R/x86_64-pc-linux-gnu-library/4.3"
"GA","3.2.4","/home/user3/GJC_KDW_250721/renv/library/R-4.3/x86_64-pc-linux-gnu"
"gargle","1.6.0","/home/user3/GJC_KDW_250721/renv/library/R-4.3/x86_64-pc-linux-gnu"
"gargle","1.6.0","/home/user3/R/x86_64-pc-linux-gnu-library/4.3"
"gdtools","0.4.4","/home/user3/GJC_KDW_250721/renv/library/R-4.3/x86_64-pc-linux-gnu"
"gdtools","0.4.4","/home/user3/R/x86_64-pc-linux-gnu-library/4.3"
"geepack","1.3.12","/home/user3/GJC_KDW_250721/renv/library/R-4.3/x86_64-pc-linux-gnu"
"gemini.R","0.17.3","/home/user3/GJC_KDW_250721/renv/library/R-4.3/x86_64-pc-linux-gnu"
"genefilter","1.84.0","/home/user3/GJC_KDW_250721/renv/library/R-4.3/x86_64-pc-linux-gnu"
"generics","0.1.4","/home/user3/GJC_KDW_250721/renv/library/R-4.3/x86_64-pc-linux-gnu"
"generics","0.1.4","/home/user3/R/x86_64-pc-linux-gnu-library/4.3"
"GenomeInfoDb","1.38.8","/home/user3/GJC_KDW_250721/renv/library/R-4.3/x86_64-pc-linux-gnu"
"GenomeInfoDb","1.38.8","/home/user3/R/x86_64-pc-linux-gnu-library/4.3"
"GenomeInfoDbData","1.2.11","/home/user3/GJC_KDW_250721/renv/library/R-4.3/x86_64-pc-linux-gnu"
"GenomeInfoDbData","1.2.11","/home/user3/R/x86_64-pc-linux-gnu-library/4.3"
"GenomicAlignments","1.38.2","/home/user3/GJC_KDW_250721/renv/library/R-4.3/x86_64-pc-linux-gnu"
"GenomicFeatures","1.54.4","/home/user3/GJC_KDW_250721/renv/library/R-4.3/x86_64-pc-linux-gnu"
"GenomicRanges","1.54.1","/home/user3/GJC_KDW_250721/renv/library/R-4.3/x86_64-pc-linux-gnu"
"GenomicRanges","1.54.1","/home/user3/R/x86_64-pc-linux-gnu-library/4.3"
"GeomxTools","3.6.2","/home/user3/GJC_KDW_250721/renv/library/R-4.3/x86_64-pc-linux-gnu"
"GeoMxWorkflows","1.8.0","/home/user3/GJC_KDW_250721/renv/library/R-4.3/x86_64-pc-linux-gnu"
"GEOquery","2.70.0","/home/user3/R/x86_64-pc-linux-gnu-library/4.3"
"gert","2.0.1","/home/user3/GJC_KDW_250721/renv/library/R-4.3/x86_64-pc-linux-gnu"
"gert","2.2.0","/home/user3/R/x86_64-pc-linux-gnu-library/4.3"
"getopt","1.20.4","/home/user3/GJC_KDW_250721/renv/library/R-4.3/x86_64-pc-linux-gnu"
"getopt","1.20.4","/home/user3/R/x86_64-pc-linux-gnu-library/4.3"
"GetoptLong","1.0.5","/home/user3/GJC_KDW_250721/renv/library/R-4.3/x86_64-pc-linux-gnu"
"GetoptLong","1.0.5","/home/user3/R/x86_64-pc-linux-gnu-library/4.3"
"ggalluvial","0.12.5","/home/user3/GJC_KDW_250721/renv/library/R-4.3/x86_64-pc-linux-gnu"
"GGally","2.2.1","/home/user3/GJC_KDW_250721/renv/library/R-4.3/x86_64-pc-linux-gnu"
"ggbeeswarm","0.7.2","/home/user3/GJC_KDW_250721/renv/library/R-4.3/x86_64-pc-linux-gnu"
"ggdist","3.3.3","/home/user3/GJC_KDW_250721/renv/library/R-4.3/x86_64-pc-linux-gnu"
"ggforce","0.5.0","/home/user3/GJC_KDW_250721/renv/library/R-4.3/x86_64-pc-linux-gnu"
"ggforce","0.5.0","/home/user3/R/x86_64-pc-linux-gnu-library/4.3"
"ggfun","0.2.0","/home/user3/GJC_KDW_250721/renv/library/R-4.3/x86_64-pc-linux-gnu"
"ggfun","0.2.0","/home/user3/R/x86_64-pc-linux-gnu-library/4.3"
"ggiraph","0.9.2","/home/user3/GJC_KDW_250721/renv/library/R-4.3/x86_64-pc-linux-gnu"
"ggiraph","0.9.2","/home/user3/R/x86_64-pc-linux-gnu-library/4.3"
"ggnetwork","0.5.13","/home/user3/GJC_KDW_250721/renv/library/R-4.3/x86_64-pc-linux-gnu"
"ggnewscale","0.5.2","/home/user3/GJC_KDW_250721/renv/library/R-4.3/x86_64-pc-linux-gnu"
"ggnewscale","0.5.2","/home/user3/R/x86_64-pc-linux-gnu-library/4.3"
"ggplot2","3.5.2","/home/user3/GJC_KDW_250721/renv/library/R-4.3/x86_64-pc-linux-gnu"
"ggplot2","4.0.1","/home/user3/R/x86_64-pc-linux-gnu-library/4.3"
"ggplotify","0.1.3","/home/user3/GJC_KDW_250721/renv/library/R-4.3/x86_64-pc-linux-gnu"
"ggplotify","0.1.3","/home/user3/R/x86_64-pc-linux-gnu-library/4.3"
"ggpubr","0.6.2","/home/user3/GJC_KDW_250721/renv/library/R-4.3/x86_64-pc-linux-gnu"
"ggpubr","0.6.2","/home/user3/R/x86_64-pc-linux-gnu-library/4.3"
"ggraph","2.2.2","/home/user3/GJC_KDW_250721/renv/library/R-4.3/x86_64-pc-linux-gnu"
"ggraph","2.2.2","/home/user3/R/x86_64-pc-linux-gnu-library/4.3"
"ggrastr","1.0.2","/home/user3/GJC_KDW_250721/renv/library/R-4.3/x86_64-pc-linux-gnu"
"ggrepel","0.9.6","/home/user3/GJC_KDW_250721/renv/library/R-4.3/x86_64-pc-linux-gnu"
"ggrepel","0.9.6","/home/user3/R/x86_64-pc-linux-gnu-library/4.3"
"ggridges","0.5.7","/home/user3/GJC_KDW_250721/renv/library/R-4.3/x86_64-pc-linux-gnu"
"ggridges","0.5.7","/home/user3/R/x86_64-pc-linux-gnu-library/4.3"
"ggsci","4.1.0","/home/user3/GJC_KDW_250721/renv/library/R-4.3/x86_64-pc-linux-gnu"
"ggsci","4.1.0","/home/user3/R/x86_64-pc-linux-gnu-library/4.3"
"ggsignif","0.6.4","/home/user3/GJC_KDW_250721/renv/library/R-4.3/x86_64-pc-linux-gnu"
"ggsignif","0.6.4","/home/user3/R/x86_64-pc-linux-gnu-library/4.3"
"ggstats","0.8.0","/home/user3/GJC_KDW_250721/renv/library/R-4.3/x86_64-pc-linux-gnu"
"ggthemes","5.1.0","/home/user3/GJC_KDW_250721/renv/library/R-4.3/x86_64-pc-linux-gnu"
"ggtree","3.10.1","/home/user3/GJC_KDW_250721/renv/library/R-4.3/x86_64-pc-linux-gnu"
"ggvenn","0.1.19","/home/user3/GJC_KDW_250721/renv/library/R-4.3/x86_64-pc-linux-gnu"
"gh","1.4.1","/home/user3/GJC_KDW_250721/renv/library/R-4.3/x86_64-pc-linux-gnu"
"gh","1.5.0","/home/user3/R/x86_64-pc-linux-gnu-library/4.3"
"gitcreds","0.1.2","/home/user3/GJC_KDW_250721/renv/library/R-4.3/x86_64-pc-linux-gnu"
"gitcreds","0.1.2","/home/user3/R/x86_64-pc-linux-gnu-library/4.3"
"glmGamPoi","1.14.3","/home/user3/GJC_KDW_250721/renv/library/R-4.3/x86_64-pc-linux-gnu"
"glmmTMB","1.1.13","/home/user3/GJC_KDW_250721/renv/library/R-4.3/x86_64-pc-linux-gnu"
"glmnet","4.1-10","/home/user3/GJC_KDW_250721/renv/library/R-4.3/x86_64-pc-linux-gnu"
"glmnet","4.1-10","/home/user3/R/x86_64-pc-linux-gnu-library/4.3"
"GlobalOptions","0.1.2","/home/user3/GJC_KDW_250721/renv/library/R-4.3/x86_64-pc-linux-gnu"
"GlobalOptions","0.1.3","/home/user3/R/x86_64-pc-linux-gnu-library/4.3"
"globals","0.18.0","/home/user3/GJC_KDW_250721/renv/library/R-4.3/x86_64-pc-linux-gnu"
"globals","0.18.0","/home/user3/R/x86_64-pc-linux-gnu-library/4.3"
"glue","1.8.0","/home/user3/GJC_KDW_250721/renv/library/R-4.3/x86_64-pc-linux-gnu"
"glue","1.8.0","/home/user3/R/x86_64-pc-linux-gnu-library/4.3"
"GO.db","3.18.0","/home/user3/GJC_KDW_250721/renv/library/R-4.3/x86_64-pc-linux-gnu"
"goftest","1.2-3","/home/user3/GJC_KDW_250721/renv/library/R-4.3/x86_64-pc-linux-gnu"
"goftest","1.2-3","/home/user3/R/x86_64-pc-linux-gnu-library/4.3"
"googledrive","2.1.2","/home/user3/GJC_KDW_250721/renv/library/R-4.3/x86_64-pc-linux-gnu"
"googledrive","2.1.2","/home/user3/R/x86_64-pc-linux-gnu-library/4.3"
"googlesheets4","1.1.2","/home/user3/GJC_KDW_250721/renv/library/R-4.3/x86_64-pc-linux-gnu"
"googlesheets4","1.1.2","/home/user3/R/x86_64-pc-linux-gnu-library/4.3"
"GOSemSim","2.28.1","/home/user3/GJC_KDW_250721/renv/library/R-4.3/x86_64-pc-linux-gnu"
"gower","1.0.2","/home/user3/GJC_KDW_250721/renv/library/R-4.3/x86_64-pc-linux-gnu"
"gower","1.0.2","/home/user3/R/x86_64-pc-linux-gnu-library/4.3"
"GPArotation","2025.3-1","/home/user3/GJC_KDW_250721/renv/library/R-4.3/x86_64-pc-linux-gnu"
"gplots","3.2.0","/home/user3/GJC_KDW_250721/renv/library/R-4.3/x86_64-pc-linux-gnu"
"gplots","3.3.0","/home/user3/R/x86_64-pc-linux-gnu-library/4.3"
"graph","1.80.0","/home/user3/GJC_KDW_250721/renv/library/R-4.3/x86_64-pc-linux-gnu"
"graphics","4.3.2","/opt/R/4.3.2/lib/R/library"
"graphlayouts","1.2.2","/home/user3/GJC_KDW_250721/renv/library/R-4.3/x86_64-pc-linux-gnu"
"graphlayouts","1.2.2","/home/user3/R/x86_64-pc-linux-gnu-library/4.3"
"grDevices","4.3.2","/opt/R/4.3.2/lib/R/library"
"grid","4.3.2","/opt/R/4.3.2/lib/R/library"
"gridBase","0.4-7","/home/user3/GJC_KDW_250721/renv/library/R-4.3/x86_64-pc-linux-gnu"
"gridBase","0.4-7","/home/user3/R/x86_64-pc-linux-gnu-library/4.3"
"gridExtra","2.3","/home/user3/GJC_KDW_250721/renv/library/R-4.3/x86_64-pc-linux-gnu"
"gridExtra","2.3","/home/user3/R/x86_64-pc-linux-gnu-library/4.3"
"gridGraphics","0.5-1","/home/user3/GJC_KDW_250721/renv/library/R-4.3/x86_64-pc-linux-gnu"
"gridGraphics","0.5-1","/home/user3/R/x86_64-pc-linux-gnu-library/4.3"
"grr","0.9.5","/home/user3/GJC_KDW_250721/renv/library/R-4.3/x86_64-pc-linux-gnu"
"GSEABase","1.64.0","/home/user3/GJC_KDW_250721/renv/library/R-4.3/x86_64-pc-linux-gnu"
"gson","0.1.0","/home/user3/GJC_KDW_250721/renv/library/R-4.3/x86_64-pc-linux-gnu"
"gson","0.1.0","/home/user3/R/x86_64-pc-linux-gnu-library/4.3"
"GSVA","1.50.5","/home/user3/GJC_KDW_250721/renv/library/R-4.3/x86_64-pc-linux-gnu"
"gtable","0.3.6","/home/user3/GJC_KDW_250721/renv/library/R-4.3/x86_64-pc-linux-gnu"
"gtable","0.3.6","/home/user3/R/x86_64-pc-linux-gnu-library/4.3"
"gtools","3.9.5","/home/user3/GJC_KDW_250721/renv/library/R-4.3/x86_64-pc-linux-gnu"
"gtools","3.9.5","/home/user3/R/x86_64-pc-linux-gnu-library/4.3"
"hardhat","1.4.2","/home/user3/GJC_KDW_250721/renv/library/R-4.3/x86_64-pc-linux-gnu"
"hardhat","1.4.2","/home/user3/R/x86_64-pc-linux-gnu-library/4.3"
"harmony","1.2.1","/home/user3/GJC_KDW_250721/renv/library/R-4.3/x86_64-pc-linux-gnu"
"haven","2.5.5","/home/user3/GJC_KDW_250721/renv/library/R-4.3/x86_64-pc-linux-gnu"
"haven","2.5.5","/home/user3/R/x86_64-pc-linux-gnu-library/4.3"
"HDF5Array","1.30.1","/home/user3/GJC_KDW_250721/renv/library/R-4.3/x86_64-pc-linux-gnu"
"HDF5Array","1.30.1","/home/user3/R/x86_64-pc-linux-gnu-library/4.3"
"hdf5r","1.3.11","/home/user3/GJC_KDW_250721/renv/library/R-4.3/x86_64-pc-linux-gnu"
"HDO.db","0.99.1","/home/user3/GJC_KDW_250721/renv/library/R-4.3/x86_64-pc-linux-gnu"
"HDO.db","0.99.1","/home/user3/R/x86_64-pc-linux-gnu-library/4.3"
"here","1.0.2","/home/user3/GJC_KDW_250721/renv/library/R-4.3/x86_64-pc-linux-gnu"
"here","1.0.2","/home/user3/R/x86_64-pc-linux-gnu-library/4.3"
"hexbin","1.28.5","/home/user3/GJC_KDW_250721/renv/library/R-4.3/x86_64-pc-linux-gnu"
"HGNChelper","0.8.15","/home/user3/GJC_KDW_250721/renv/library/R-4.3/x86_64-pc-linux-gnu"
"highr","0.11","/home/user3/GJC_KDW_250721/renv/library/R-4.3/x86_64-pc-linux-gnu"
"highr","0.11","/home/user3/R/x86_64-pc-linux-gnu-library/4.3"
"Hmisc","5.2-4","/home/user3/GJC_KDW_250721/renv/library/R-4.3/x86_64-pc-linux-gnu"
"Hmisc","5.2-4","/home/user3/R/x86_64-pc-linux-gnu-library/4.3"
"hms","1.1.4","/home/user3/GJC_KDW_250721/renv/library/R-4.3/x86_64-pc-linux-gnu"
"hms","1.1.4","/home/user3/R/x86_64-pc-linux-gnu-library/4.3"
"htmlTable","2.4.3","/home/user3/GJC_KDW_250721/renv/library/R-4.3/x86_64-pc-linux-gnu"
"htmlTable","2.4.3","/home/user3/R/x86_64-pc-linux-gnu-library/4.3"
"htmltools","0.5.8.1","/home/user3/GJC_KDW_250721/renv/library/R-4.3/x86_64-pc-linux-gnu"
"htmltools","0.5.8.1","/home/user3/R/x86_64-pc-linux-gnu-library/4.3"
"htmlwidgets","1.6.4","/home/user3/GJC_KDW_250721/renv/library/R-4.3/x86_64-pc-linux-gnu"
"htmlwidgets","1.6.4","/home/user3/R/x86_64-pc-linux-gnu-library/4.3"
"httpuv","1.6.16","/home/user3/GJC_KDW_250721/renv/library/R-4.3/x86_64-pc-linux-gnu"
"httpuv","1.6.16","/home/user3/R/x86_64-pc-linux-gnu-library/4.3"
"httr","1.4.7","/home/user3/GJC_KDW_250721/renv/library/R-4.3/x86_64-pc-linux-gnu"
"httr","1.4.7","/home/user3/R/x86_64-pc-linux-gnu-library/4.3"
"httr2","1.0.2","/home/user3/GJC_KDW_250721/renv/library/R-4.3/x86_64-pc-linux-gnu"
"httr2","1.2.1","/home/user3/R/x86_64-pc-linux-gnu-library/4.3"
"ica","1.0-3","/home/user3/GJC_KDW_250721/renv/library/R-4.3/x86_64-pc-linux-gnu"
"ica","1.0-3","/home/user3/R/x86_64-pc-linux-gnu-library/4.3"
"ids","1.0.1","/home/user3/GJC_KDW_250721/renv/library/R-4.3/x86_64-pc-linux-gnu"
"ids","1.0.1","/home/user3/R/x86_64-pc-linux-gnu-library/4.3"
"igraph","2.2.1","/home/user3/GJC_KDW_250721/renv/library/R-4.3/x86_64-pc-linux-gnu"
"igraph","2.2.1","/home/user3/R/x86_64-pc-linux-gnu-library/4.3"
"ini","0.3.1","/home/user3/GJC_KDW_250721/renv/library/R-4.3/x86_64-pc-linux-gnu"
"ini","0.3.1","/home/user3/R/x86_64-pc-linux-gnu-library/4.3"
"InstaPrism","0.1.6","/home/user3/R/x86_64-pc-linux-gnu-library/4.3"
"interactiveDisplayBase","1.40.0","/home/user3/GJC_KDW_250721/renv/library/R-4.3/x86_64-pc-linux-gnu"
"ipred","0.9-15","/home/user3/GJC_KDW_250721/renv/library/R-4.3/x86_64-pc-linux-gnu"
"ipred","0.9-15","/home/user3/R/x86_64-pc-linux-gnu-library/4.3"
"IRanges","2.36.0","/home/user3/GJC_KDW_250721/renv/library/R-4.3/x86_64-pc-linux-gnu"
"IRanges","2.34.1","/home/user3/R/x86_64-pc-linux-gnu-library/4.3"
"irlba","2.3.5.1","/home/user3/GJC_KDW_250721/renv/library/R-4.3/x86_64-pc-linux-gnu"
"irlba","2.3.5.1","/home/user3/R/x86_64-pc-linux-gnu-library/4.3"
"isoband","0.2.7","/home/user3/GJC_KDW_250721/renv/library/R-4.3/x86_64-pc-linux-gnu"
"isoband","0.2.7","/home/user3/R/x86_64-pc-linux-gnu-library/4.3"
"iterators","1.0.14","/home/user3/GJC_KDW_250721/renv/library/R-4.3/x86_64-pc-linux-gnu"
"iterators","1.0.14","/home/user3/R/x86_64-pc-linux-gnu-library/4.3"
"JASPAR2020","0.99.10","/home/user3/GJC_KDW_250721/renv/library/R-4.3/x86_64-pc-linux-gnu"
"jquerylib","0.1.4","/home/user3/GJC_KDW_250721/renv/library/R-4.3/x86_64-pc-linux-gnu"
"jquerylib","0.1.4","/home/user3/R/x86_64-pc-linux-gnu-library/4.3"
"jsonlite","2.0.0","/home/user3/GJC_KDW_250721/renv/library/R-4.3/x86_64-pc-linux-gnu"
"jsonlite","2.0.0","/home/user3/R/x86_64-pc-linux-gnu-library/4.3"
"kableExtra","1.4.0","/home/user3/GJC_KDW_250721/renv/library/R-4.3/x86_64-pc-linux-gnu"
"KEGGgraph","1.62.0","/home/user3/GJC_KDW_250721/renv/library/R-4.3/x86_64-pc-linux-gnu"
"KEGGREST","1.42.0","/home/user3/GJC_KDW_250721/renv/library/R-4.3/x86_64-pc-linux-gnu"
"KEGGREST","1.42.0","/home/user3/R/x86_64-pc-linux-gnu-library/4.3"
"kernlab","0.9-33","/home/user3/GJC_KDW_250721/renv/library/R-4.3/x86_64-pc-linux-gnu"
"kernlab","0.9-33","/home/user3/R/x86_64-pc-linux-gnu-library/4.3"
"KernSmooth","2.23-20","/home/user3/GJC_KDW_250721/renv/library/R-4.3/x86_64-pc-linux-gnu"
"KernSmooth","2.23-22","/opt/R/4.3.2/lib/R/library"
"knitr","1.50","/home/user3/GJC_KDW_250721/renv/library/R-4.3/x86_64-pc-linux-gnu"
"knitr","1.50","/home/user3/R/x86_64-pc-linux-gnu-library/4.3"
"ks","1.15.1","/home/user3/GJC_KDW_250721/renv/library/R-4.3/x86_64-pc-linux-gnu"
"labeling","0.4.3","/home/user3/GJC_KDW_250721/renv/library/R-4.3/x86_64-pc-linux-gnu"
"labeling","0.4.3","/home/user3/R/x86_64-pc-linux-gnu-library/4.3"
"lambda.r","1.2.4","/home/user3/GJC_KDW_250721/renv/library/R-4.3/x86_64-pc-linux-gnu"
"lambda.r","1.2.4","/home/user3/R/x86_64-pc-linux-gnu-library/4.3"
"Lamian","0.99.3","/home/user3/R/x86_64-pc-linux-gnu-library/4.3"
"languageserver","0.3.16","/home/user3/GJC_KDW_250721/renv/library/R-4.3/x86_64-pc-linux-gnu"
"languageserver","0.3.16","/home/user3/R/x86_64-pc-linux-gnu-library/4.3"
"later","1.4.4","/home/user3/GJC_KDW_250721/renv/library/R-4.3/x86_64-pc-linux-gnu"
"later","1.4.4","/home/user3/R/x86_64-pc-linux-gnu-library/4.3"
"lattice","0.20-45","/home/user3/GJC_KDW_250721/renv/library/R-4.3/x86_64-pc-linux-gnu"
"lattice","0.21-9","/opt/R/4.3.2/lib/R/library"
"lava","1.8.1","/home/user3/GJC_KDW_250721/renv/library/R-4.3/x86_64-pc-linux-gnu"
"lava","1.8.2","/home/user3/R/x86_64-pc-linux-gnu-library/4.3"
"lavaan","0.6-19","/home/user3/GJC_KDW_250721/renv/library/R-4.3/x86_64-pc-linux-gnu"
"lazyeval","0.2.2","/home/user3/GJC_KDW_250721/renv/library/R-4.3/x86_64-pc-linux-gnu"
"lazyeval","0.2.2","/home/user3/R/x86_64-pc-linux-gnu-library/4.3"
"leaps","3.2","/home/user3/GJC_KDW_250721/renv/library/R-4.3/x86_64-pc-linux-gnu"
"leiden","0.4.3.1","/home/user3/GJC_KDW_250721/renv/library/R-4.3/x86_64-pc-linux-gnu"
"leidenbase","0.1.35","/home/user3/GJC_KDW_250721/renv/library/R-4.3/x86_64-pc-linux-gnu"
"leidenbase","0.1.35","/home/user3/R/x86_64-pc-linux-gnu-library/4.3"
"lhs","1.2.0","/home/user3/GJC_KDW_250721/renv/library/R-4.3/x86_64-pc-linux-gnu"
"lhs","1.2.0","/home/user3/R/x86_64-pc-linux-gnu-library/4.3"
"lifecycle","1.0.4","/home/user3/GJC_KDW_250721/renv/library/R-4.3/x86_64-pc-linux-gnu"
"lifecycle","1.0.4","/home/user3/R/x86_64-pc-linux-gnu-library/4.3"
"limma","3.58.1","/home/user3/GJC_KDW_250721/renv/library/R-4.3/x86_64-pc-linux-gnu"
"limma","3.58.1","/home/user3/R/x86_64-pc-linux-gnu-library/4.3"
"lintr","3.2.0","/home/user3/GJC_KDW_250721/renv/library/R-4.3/x86_64-pc-linux-gnu"
"lintr","3.2.0","/home/user3/R/x86_64-pc-linux-gnu-library/4.3"
"lisi","1.0","/home/user3/GJC_KDW_250721/renv/library/R-4.3/x86_64-pc-linux-gnu"
"listenv","0.9.1","/home/user3/GJC_KDW_250721/renv/library/R-4.3/x86_64-pc-linux-gnu"
"listenv","0.10.0","/home/user3/R/x86_64-pc-linux-gnu-library/4.3"
"lmds","0.1.0","/home/user3/GJC_KDW_250721/renv/library/R-4.3/x86_64-pc-linux-gnu"
"lme4","1.1-37","/home/user3/GJC_KDW_250721/renv/library/R-4.3/x86_64-pc-linux-gnu"
"lme4","1.1-38","/home/user3/R/x86_64-pc-linux-gnu-library/4.3"
"lmerTest","3.1-3","/home/user3/GJC_KDW_250721/renv/library/R-4.3/x86_64-pc-linux-gnu"
"lmerTest","3.1-3","/home/user3/R/x86_64-pc-linux-gnu-library/4.3"
"lmtest","0.9-40","/home/user3/GJC_KDW_250721/renv/library/R-4.3/x86_64-pc-linux-gnu"
"lmtest","0.9-40","/home/user3/R/x86_64-pc-linux-gnu-library/4.3"
"lobstr","1.1.2","/home/user3/GJC_KDW_250721/renv/library/R-4.3/x86_64-pc-linux-gnu"
"locfdr","1.1-8","/home/user3/GJC_KDW_250721/renv/library/R-4.3/x86_64-pc-linux-gnu"
"locfit","1.5-9.12","/home/user3/GJC_KDW_250721/renv/library/R-4.3/x86_64-pc-linux-gnu"
"locfit","1.5-9.12","/home/user3/R/x86_64-pc-linux-gnu-library/4.3"
"lubridate","1.9.4","/home/user3/GJC_KDW_250721/renv/library/R-4.3/x86_64-pc-linux-gnu"
"lubridate","1.9.4","/home/user3/R/x86_64-pc-linux-gnu-library/4.3"
"magrittr","2.0.4","/home/user3/GJC_KDW_250721/renv/library/R-4.3/x86_64-pc-linux-gnu"
"magrittr","2.0.4","/home/user3/R/x86_64-pc-linux-gnu-library/4.3"
"mapproj","1.2.12","/home/user3/R/x86_64-pc-linux-gnu-library/4.3"
"maps","3.4.3","/home/user3/R/x86_64-pc-linux-gnu-library/4.3"
"MASS","7.3-58","/home/user3/GJC_KDW_250721/renv/library/R-4.3/x86_64-pc-linux-gnu"
"MASS","7.3-60","/opt/R/4.3.2/lib/R/library"
"MAST","1.28.0","/home/user3/GJC_KDW_250721/renv/library/R-4.3/x86_64-pc-linux-gnu"
"mathjaxr","1.6-0","/home/user3/GJC_KDW_250721/renv/library/R-4.3/x86_64-pc-linux-gnu"
"Matrix","1.6-5","/home/user3/GJC_KDW_250721/renv/library/R-4.3/x86_64-pc-linux-gnu"
"Matrix","1.6-5","/home/user3/R/x86_64-pc-linux-gnu-library/4.3"
"matrixcalc","1.0-6","/home/user3/R/x86_64-pc-linux-gnu-library/4.3"
"MatrixGenerics","1.14.0","/home/user3/GJC_KDW_250721/renv/library/R-4.3/x86_64-pc-linux-gnu"
"MatrixGenerics","1.14.0","/home/user3/R/x86_64-pc-linux-gnu-library/4.3"
"MatrixModels","0.5-4","/home/user3/GJC_KDW_250721/renv/library/R-4.3/x86_64-pc-linux-gnu"
"MatrixModels","0.5-4","/home/user3/R/x86_64-pc-linux-gnu-library/4.3"
"matrixStats","1.5.0","/home/user3/GJC_KDW_250721/renv/library/R-4.3/x86_64-pc-linux-gnu"
"matrixStats","1.5.0","/home/user3/R/x86_64-pc-linux-gnu-library/4.3"
"MBESS","4.9.3","/home/user3/GJC_KDW_250721/renv/library/R-4.3/x86_64-pc-linux-gnu"
"mclust","6.1.1","/home/user3/GJC_KDW_250721/renv/library/R-4.3/x86_64-pc-linux-gnu"
"memoise","2.0.1","/home/user3/GJC_KDW_250721/renv/library/R-4.3/x86_64-pc-linux-gnu"
"memoise","2.0.1","/home/user3/R/x86_64-pc-linux-gnu-library/4.3"
"metap","1.12","/home/user3/GJC_KDW_250721/renv/library/R-4.3/x86_64-pc-linux-gnu"
"metapod","1.10.1","/home/user3/GJC_KDW_250721/renv/library/R-4.3/x86_64-pc-linux-gnu"
"methods","4.3.2","/opt/R/4.3.2/lib/R/library"
"mgcv","1.8-39","/home/user3/GJC_KDW_250721/renv/library/R-4.3/x86_64-pc-linux-gnu"
"mgcv","1.9-0","/opt/R/4.3.2/lib/R/library"
"mi","1.1","/home/user3/GJC_KDW_250721/renv/library/R-4.3/x86_64-pc-linux-gnu"
"microbenchmark","1.5.0","/home/user3/GJC_KDW_250721/renv/library/R-4.3/x86_64-pc-linux-gnu"
"microbenchmark","1.5.0","/home/user3/R/x86_64-pc-linux-gnu-library/4.3"
"miloR","1.10.0","/home/user3/GJC_KDW_250721/renv/library/R-4.3/x86_64-pc-linux-gnu"
"mime","0.13","/home/user3/GJC_KDW_250721/renv/library/R-4.3/x86_64-pc-linux-gnu"
"mime","0.13","/home/user3/R/x86_64-pc-linux-gnu-library/4.3"
"miniUI","0.1.2","/home/user3/GJC_KDW_250721/renv/library/R-4.3/x86_64-pc-linux-gnu"
"miniUI","0.1.2","/home/user3/R/x86_64-pc-linux-gnu-library/4.3"
"minpack.lm","1.2-4","/home/user3/GJC_KDW_250721/renv/library/R-4.3/x86_64-pc-linux-gnu"
"minqa","1.2.8","/home/user3/GJC_KDW_250721/renv/library/R-4.3/x86_64-pc-linux-gnu"
"minqa","1.2.8","/home/user3/R/x86_64-pc-linux-gnu-library/4.3"
"mlr","2.19.3","/home/user3/GJC_KDW_250721/renv/library/R-4.3/x86_64-pc-linux-gnu"
"mlr","2.19.3","/home/user3/R/x86_64-pc-linux-gnu-library/4.3"
"mlrMBO","1.1.5.1","/home/user3/GJC_KDW_250721/renv/library/R-4.3/x86_64-pc-linux-gnu"
"mlrMBO","1.1.5.1","/home/user3/R/x86_64-pc-linux-gnu-library/4.3"
"mnormt","2.1.1","/home/user3/GJC_KDW_250721/renv/library/R-4.3/x86_64-pc-linux-gnu"
"ModelMetrics","1.2.2.2","/home/user3/GJC_KDW_250721/renv/library/R-4.3/x86_64-pc-linux-gnu"
"ModelMetrics","1.2.2.2","/home/user3/R/x86_64-pc-linux-gnu-library/4.3"
"modelr","0.1.11","/home/user3/GJC_KDW_250721/renv/library/R-4.3/x86_64-pc-linux-gnu"
"modelr","0.1.11","/home/user3/R/x86_64-pc-linux-gnu-library/4.3"
"MOFA2","1.12.1","/home/user3/R/x86_64-pc-linux-gnu-library/4.3"
"moments","0.14.1","/home/user3/GJC_KDW_250721/renv/library/R-4.3/x86_64-pc-linux-gnu"
"monocle3","1.4.26","/home/user3/GJC_KDW_250721/renv/library/R-4.3/x86_64-pc-linux-gnu"
"msigdbr","7.5.1","/home/user3/GJC_KDW_250721/renv/library/R-4.3/x86_64-pc-linux-gnu"
"multcomp","1.4-25","/home/user3/GJC_KDW_250721/renv/library/R-4.3/x86_64-pc-linux-gnu"
"multcompView","0.1-10","/home/user3/GJC_KDW_250721/renv/library/R-4.3/x86_64-pc-linux-gnu"
"multicool","1.0.1","/home/user3/GJC_KDW_250721/renv/library/R-4.3/x86_64-pc-linux-gnu"
"multinichenetr","2.1.0","/home/user3/GJC_KDW_250721/renv/library/R-4.3/x86_64-pc-linux-gnu"
"multtest","2.58.0","/home/user3/GJC_KDW_250721/renv/library/R-4.3/x86_64-pc-linux-gnu"
"munsell","0.5.1","/home/user3/GJC_KDW_250721/renv/library/R-4.3/x86_64-pc-linux-gnu"
"muscat","1.16.0","/home/user3/GJC_KDW_250721/renv/library/R-4.3/x86_64-pc-linux-gnu"
"mutoss","0.1-13","/home/user3/GJC_KDW_250721/renv/library/R-4.3/x86_64-pc-linux-gnu"
"mvtnorm","1.3-1","/home/user3/GJC_KDW_250721/renv/library/R-4.3/x86_64-pc-linux-gnu"
"mvtnorm","1.3-3","/home/user3/R/x86_64-pc-linux-gnu-library/4.3"
"myR","0.2.0.9000","/home/user3/GJC_KDW_250721/renv/library/R-4.3/x86_64-pc-linux-gnu"
"myR","0.2.0.9000","/home/user3/R/x86_64-pc-linux-gnu-library/4.3"
"NanoStringNCTools","1.10.1","/home/user3/GJC_KDW_250721/renv/library/R-4.3/x86_64-pc-linux-gnu"
"nebula","1.5.6","/home/user3/GJC_KDW_250721/renv/library/R-4.3/x86_64-pc-linux-gnu"
"Nebulosa","1.12.1","/home/user3/GJC_KDW_250721/renv/library/R-4.3/x86_64-pc-linux-gnu"
"network","1.18.2","/home/user3/GJC_KDW_250721/renv/library/R-4.3/x86_64-pc-linux-gnu"
"nichenetr","2.2.1.1","/home/user3/GJC_KDW_250721/renv/library/R-4.3/x86_64-pc-linux-gnu"
"nichenetr","2.2.1.1","/home/user3/R/x86_64-pc-linux-gnu-library/4.3"
"nlme","3.1-155","/home/user3/GJC_KDW_250721/renv/library/R-4.3/x86_64-pc-linux-gnu"
"nlme","3.1-163","/opt/R/4.3.2/lib/R/library"
"nloptr","2.2.1","/home/user3/GJC_KDW_250721/renv/library/R-4.3/x86_64-pc-linux-gnu"
"nloptr","2.2.1","/home/user3/R/x86_64-pc-linux-gnu-library/4.3"
"NMF","0.27","/home/user3/GJC_KDW_250721/renv/library/R-4.3/x86_64-pc-linux-gnu"
"NMF","0.28","/home/user3/R/x86_64-pc-linux-gnu-library/4.3"
"nnet","7.3-19","/home/user3/GJC_KDW_250721/renv/library/R-4.3/x86_64-pc-linux-gnu"
"nnet","7.3-19","/opt/R/4.3.2/lib/R/library"
"nortest","1.0-4","/home/user3/GJC_KDW_250721/renv/library/R-4.3/x86_64-pc-linux-gnu"
"numDeriv","2016.8-1.1","/home/user3/GJC_KDW_250721/renv/library/R-4.3/x86_64-pc-linux-gnu"
"numDeriv","2016.8-1.1","/home/user3/R/x86_64-pc-linux-gnu-library/4.3"
"oligo","1.66.0","/home/user3/R/x86_64-pc-linux-gnu-library/4.3"
"oligoClasses","1.64.0","/home/user3/R/x86_64-pc-linux-gnu-library/4.3"
"OpenMx","2.21.13","/home/user3/GJC_KDW_250721/renv/library/R-4.3/x86_64-pc-linux-gnu"
"openssl","2.3.4","/home/user3/GJC_KDW_250721/renv/library/R-4.3/x86_64-pc-linux-gnu"
"openssl","2.3.4","/home/user3/R/x86_64-pc-linux-gnu-library/4.3"
"openxlsx","4.2.8","/home/user3/GJC_KDW_250721/renv/library/R-4.3/x86_64-pc-linux-gnu"
"optparse","1.7.5","/home/user3/GJC_KDW_250721/renv/library/R-4.3/x86_64-pc-linux-gnu"
"optparse","1.7.5","/home/user3/R/x86_64-pc-linux-gnu-library/4.3"
"org.Hs.eg.db","3.18.0","/home/user3/GJC_KDW_250721/renv/library/R-4.3/x86_64-pc-linux-gnu"
"otel","0.2.0","/home/user3/GJC_KDW_250721/renv/library/R-4.3/x86_64-pc-linux-gnu"
"otel","0.2.0","/home/user3/R/x86_64-pc-linux-gnu-library/4.3"
"outliers","0.15","/home/user3/GJC_KDW_250721/renv/library/R-4.3/x86_64-pc-linux-gnu"
"pak","0.9.0","/home/user3/R/x86_64-pc-linux-gnu-library/4.3"
"pals","1.10","/home/user3/R/x86_64-pc-linux-gnu-library/4.3"
"pander","0.6.6","/home/user3/GJC_KDW_250721/renv/library/R-4.3/x86_64-pc-linux-gnu"
"parallel","4.3.2","/opt/R/4.3.2/lib/R/library"
"parallelly","1.45.1","/home/user3/GJC_KDW_250721/renv/library/R-4.3/x86_64-pc-linux-gnu"
"parallelly","1.45.1","/home/user3/R/x86_64-pc-linux-gnu-library/4.3"
"parallelMap","1.5.1","/home/user3/GJC_KDW_250721/renv/library/R-4.3/x86_64-pc-linux-gnu"
"parallelMap","1.5.1","/home/user3/R/x86_64-pc-linux-gnu-library/4.3"
"ParamHelpers","1.14.2","/home/user3/GJC_KDW_250721/renv/library/R-4.3/x86_64-pc-linux-gnu"
"ParamHelpers","1.14.2","/home/user3/R/x86_64-pc-linux-gnu-library/4.3"
"parsnip","1.4.1","/home/user3/R/x86_64-pc-linux-gnu-library/4.3"
"patchwork","1.3.2","/home/user3/GJC_KDW_250721/renv/library/R-4.3/x86_64-pc-linux-gnu"
"patchwork","1.3.2","/home/user3/R/x86_64-pc-linux-gnu-library/4.3"
"pathview","1.42.0","/home/user3/GJC_KDW_250721/renv/library/R-4.3/x86_64-pc-linux-gnu"
"pbapply","1.7-4","/home/user3/GJC_KDW_250721/renv/library/R-4.3/x86_64-pc-linux-gnu"
"pbapply","1.7-4","/home/user3/R/x86_64-pc-linux-gnu-library/4.3"
"pbivnorm","0.6.0","/home/user3/GJC_KDW_250721/renv/library/R-4.3/x86_64-pc-linux-gnu"
"pbkrtest","0.5.5","/home/user3/GJC_KDW_250721/renv/library/R-4.3/x86_64-pc-linux-gnu"
"pbkrtest","0.5.5","/home/user3/R/x86_64-pc-linux-gnu-library/4.3"
"pbmcapply","1.5.1","/home/user3/GJC_KDW_250721/renv/library/R-4.3/x86_64-pc-linux-gnu"
"pd.ht.hg.u133.plus.pm","3.12.0","/home/user3/R/x86_64-pc-linux-gnu-library/4.3"
"permute","0.9-8","/home/user3/GJC_KDW_250721/renv/library/R-4.3/x86_64-pc-linux-gnu"
"pheatmap","1.0.13","/home/user3/GJC_KDW_250721/renv/library/R-4.3/x86_64-pc-linux-gnu"
"pheatmap","1.0.13","/home/user3/R/x86_64-pc-linux-gnu-library/4.3"
"pillar","1.11.1","/home/user3/GJC_KDW_250721/renv/library/R-4.3/x86_64-pc-linux-gnu"
"pillar","1.11.1","/home/user3/R/x86_64-pc-linux-gnu-library/4.3"
"pkgbuild","1.4.4","/home/user3/GJC_KDW_250721/renv/library/R-4.3/x86_64-pc-linux-gnu"
"pkgbuild","1.4.8","/home/user3/R/x86_64-pc-linux-gnu-library/4.3"
"pkgconfig","2.0.3","/home/user3/GJC_KDW_250721/renv/library/R-4.3/x86_64-pc-linux-gnu"
"pkgconfig","2.0.3","/home/user3/R/x86_64-pc-linux-gnu-library/4.3"
"pkgdown","2.1.0","/home/user3/GJC_KDW_250721/renv/library/R-4.3/x86_64-pc-linux-gnu"
"pkgdown","2.2.0","/home/user3/R/x86_64-pc-linux-gnu-library/4.3"
"pkgload","1.4.0","/home/user3/GJC_KDW_250721/renv/library/R-4.3/x86_64-pc-linux-gnu"
"pkgload","1.4.1","/home/user3/R/x86_64-pc-linux-gnu-library/4.3"
"plogr","0.2.0","/home/user3/GJC_KDW_250721/renv/library/R-4.3/x86_64-pc-linux-gnu"
"plogr","0.2.0","/home/user3/R/x86_64-pc-linux-gnu-library/4.3"
"plotly","4.11.0","/home/user3/GJC_KDW_250721/renv/library/R-4.3/x86_64-pc-linux-gnu"
"plotly","4.11.0","/home/user3/R/x86_64-pc-linux-gnu-library/4.3"
"plotmo","3.6.4","/home/user3/GJC_KDW_250721/renv/library/R-4.3/x86_64-pc-linux-gnu"
"plotmo","3.6.4","/home/user3/R/x86_64-pc-linux-gnu-library/4.3"
"plotrix","3.8-4","/home/user3/GJC_KDW_250721/renv/library/R-4.3/x86_64-pc-linux-gnu"
"plotrix","3.8-13","/home/user3/R/x86_64-pc-linux-gnu-library/4.3"
"plyr","1.8.9","/home/user3/GJC_KDW_250721/renv/library/R-4.3/x86_64-pc-linux-gnu"
"plyr","1.8.9","/home/user3/R/x86_64-pc-linux-gnu-library/4.3"
"png","0.1-8","/home/user3/GJC_KDW_250721/renv/library/R-4.3/x86_64-pc-linux-gnu"
"png","0.1-8","/home/user3/R/x86_64-pc-linux-gnu-library/4.3"
"polyclip","1.10-7","/home/user3/GJC_KDW_250721/renv/library/R-4.3/x86_64-pc-linux-gnu"
"polyclip","1.10-7","/home/user3/R/x86_64-pc-linux-gnu-library/4.3"
"polylabelr","1.0.0","/home/user3/R/x86_64-pc-linux-gnu-library/4.3"
"polynom","1.4-1","/home/user3/GJC_KDW_250721/renv/library/R-4.3/x86_64-pc-linux-gnu"
"polynom","1.4-1","/home/user3/R/x86_64-pc-linux-gnu-library/4.3"
"poweRlaw","1.0.0","/home/user3/GJC_KDW_250721/renv/library/R-4.3/x86_64-pc-linux-gnu"
"pracma","2.4.6","/home/user3/GJC_KDW_250721/renv/library/R-4.3/x86_64-pc-linux-gnu"
"praise","1.0.0","/home/user3/GJC_KDW_250721/renv/library/R-4.3/x86_64-pc-linux-gnu"
"praise","1.0.0","/home/user3/R/x86_64-pc-linux-gnu-library/4.3"
"preprocessCore","1.64.0","/home/user3/R/x86_64-pc-linux-gnu-library/4.3"
"presto","1.0.0","/home/user3/GJC_KDW_250721/renv/library/R-4.3/x86_64-pc-linux-gnu"
"prettyunits","1.2.0","/home/user3/GJC_KDW_250721/renv/library/R-4.3/x86_64-pc-linux-gnu"
"prettyunits","1.2.0","/home/user3/R/x86_64-pc-linux-gnu-library/4.3"
"princurve","2.1.6","/home/user3/GJC_KDW_250721/renv/library/R-4.3/x86_64-pc-linux-gnu"
"princurve","2.1.6","/home/user3/R/x86_64-pc-linux-gnu-library/4.3"
"pROC","1.19.0.1","/home/user3/GJC_KDW_250721/renv/library/R-4.3/x86_64-pc-linux-gnu"
"pROC","1.19.0.1","/home/user3/R/x86_64-pc-linux-gnu-library/4.3"
"processx","3.8.6","/home/user3/GJC_KDW_250721/renv/library/R-4.3/x86_64-pc-linux-gnu"
"processx","3.8.6","/home/user3/R/x86_64-pc-linux-gnu-library/4.3"
"prodlim","2025.04.28","/home/user3/GJC_KDW_250721/renv/library/R-4.3/x86_64-pc-linux-gnu"
"prodlim","2025.04.28","/home/user3/R/x86_64-pc-linux-gnu-library/4.3"
"profvis","0.3.8","/home/user3/GJC_KDW_250721/renv/library/R-4.3/x86_64-pc-linux-gnu"
"profvis","0.4.0","/home/user3/R/x86_64-pc-linux-gnu-library/4.3"
"progeny","1.24.0","/home/user3/GJC_KDW_250721/renv/library/R-4.3/x86_64-pc-linux-gnu"
"progress","1.2.3","/home/user3/GJC_KDW_250721/renv/library/R-4.3/x86_64-pc-linux-gnu"
"progress","1.2.3","/home/user3/R/x86_64-pc-linux-gnu-library/4.3"
"progressr","0.17.0","/home/user3/GJC_KDW_250721/renv/library/R-4.3/x86_64-pc-linux-gnu"
"progressr","0.18.0","/home/user3/R/x86_64-pc-linux-gnu-library/4.3"
"promises","1.4.0","/home/user3/GJC_KDW_250721/renv/library/R-4.3/x86_64-pc-linux-gnu"
"promises","1.5.0","/home/user3/R/x86_64-pc-linux-gnu-library/4.3"
"ProtGenerics","1.34.0","/home/user3/GJC_KDW_250721/renv/library/R-4.3/x86_64-pc-linux-gnu"
"proxy","0.4-27","/home/user3/GJC_KDW_250721/renv/library/R-4.3/x86_64-pc-linux-gnu"
"proxy","0.4-27","/home/user3/R/x86_64-pc-linux-gnu-library/4.3"
"proxyC","0.5.2","/home/user3/GJC_KDW_250721/renv/library/R-4.3/x86_64-pc-linux-gnu"
"pryr","0.1.6","/home/user3/GJC_KDW_250721/renv/library/R-4.3/x86_64-pc-linux-gnu"
"ps","1.9.1","/home/user3/GJC_KDW_250721/renv/library/R-4.3/x86_64-pc-linux-gnu"
"ps","1.9.1","/home/user3/R/x86_64-pc-linux-gnu-library/4.3"
"pscl","1.5.9","/home/user3/GJC_KDW_250721/renv/library/R-4.3/x86_64-pc-linux-gnu"
"psych","2.5.3","/home/user3/GJC_KDW_250721/renv/library/R-4.3/x86_64-pc-linux-gnu"
"purrr","1.1.0","/home/user3/GJC_KDW_250721/renv/library/R-4.3/x86_64-pc-linux-gnu"
"purrr","1.2.0","/home/user3/R/x86_64-pc-linux-gnu-library/4.3"
"pwr","1.3-0","/home/user3/GJC_KDW_250721/renv/library/R-4.3/x86_64-pc-linux-gnu"
"qqconf","1.3.2","/home/user3/GJC_KDW_250721/renv/library/R-4.3/x86_64-pc-linux-gnu"
"qs","0.27.3","/home/user3/GJC_KDW_250721/renv/library/R-4.3/x86_64-pc-linux-gnu"
"qs","0.27.3","/home/user3/R/x86_64-pc-linux-gnu-library/4.3"
"quadprog","1.5-8","/home/user3/GJC_KDW_250721/renv/library/R-4.3/x86_64-pc-linux-gnu"
"quadprog","1.5-8","/home/user3/R/x86_64-pc-linux-gnu-library/4.3"
"quantmod","0.4.28","/home/user3/GJC_KDW_250721/renv/library/R-4.3/x86_64-pc-linux-gnu"
"quantmod","0.4.28","/home/user3/R/x86_64-pc-linux-gnu-library/4.3"
"quantreg","6.1","/home/user3/GJC_KDW_250721/renv/library/R-4.3/x86_64-pc-linux-gnu"
"quantreg","6.1","/home/user3/R/x86_64-pc-linux-gnu-library/4.3"
"qvalue","2.34.0","/home/user3/GJC_KDW_250721/renv/library/R-4.3/x86_64-pc-linux-gnu"
"qvalue","2.34.0","/home/user3/R/x86_64-pc-linux-gnu-library/4.3"
"R.cache","0.17.0","/home/user3/GJC_KDW_250721/renv/library/R-4.3/x86_64-pc-linux-gnu"
"R.cache","0.17.0","/home/user3/R/x86_64-pc-linux-gnu-library/4.3"
"R.methodsS3","1.8.2","/home/user3/GJC_KDW_250721/renv/library/R-4.3/x86_64-pc-linux-gnu"
"R.methodsS3","1.8.2","/home/user3/R/x86_64-pc-linux-gnu-library/4.3"
"R.oo","1.26.0","/home/user3/GJC_KDW_250721/renv/library/R-4.3/x86_64-pc-linux-gnu"
"R.oo","1.27.1","/home/user3/R/x86_64-pc-linux-gnu-library/4.3"
"R.utils","2.12.3","/home/user3/GJC_KDW_250721/renv/library/R-4.3/x86_64-pc-linux-gnu"
"R.utils","2.13.0","/home/user3/R/x86_64-pc-linux-gnu-library/4.3"
"R6","2.6.1","/home/user3/GJC_KDW_250721/renv/library/R-4.3/x86_64-pc-linux-gnu"
"R6","2.6.1","/home/user3/R/x86_64-pc-linux-gnu-library/4.3"
"ragg","1.5.0","/home/user3/GJC_KDW_250721/renv/library/R-4.3/x86_64-pc-linux-gnu"
"ragg","1.5.0","/home/user3/R/x86_64-pc-linux-gnu-library/4.3"
"randomForest","4.7-1.2","/home/user3/GJC_KDW_250721/renv/library/R-4.3/x86_64-pc-linux-gnu"
"randomForest","4.7-1.2","/home/user3/R/x86_64-pc-linux-gnu-library/4.3"
"ranger","0.17.0","/home/user3/GJC_KDW_250721/renv/library/R-4.3/x86_64-pc-linux-gnu"
"ranger","0.17.0","/home/user3/R/x86_64-pc-linux-gnu-library/4.3"
"RANN","2.6.2","/home/user3/GJC_KDW_250721/renv/library/R-4.3/x86_64-pc-linux-gnu"
"RANN","2.6.2","/home/user3/R/x86_64-pc-linux-gnu-library/4.3"
"RApiSerialize","0.1.4","/home/user3/GJC_KDW_250721/renv/library/R-4.3/x86_64-pc-linux-gnu"
"RApiSerialize","0.1.4","/home/user3/R/x86_64-pc-linux-gnu-library/4.3"
"rappdirs","0.3.3","/home/user3/GJC_KDW_250721/renv/library/R-4.3/x86_64-pc-linux-gnu"
"rappdirs","0.3.3","/home/user3/R/x86_64-pc-linux-gnu-library/4.3"
"rbibutils","2.3","/home/user3/GJC_KDW_250721/renv/library/R-4.3/x86_64-pc-linux-gnu"
"rbibutils","2.4","/home/user3/R/x86_64-pc-linux-gnu-library/4.3"
"rcmdcheck","1.4.0","/home/user3/GJC_KDW_250721/renv/library/R-4.3/x86_64-pc-linux-gnu"
"rcmdcheck","1.4.0","/home/user3/R/x86_64-pc-linux-gnu-library/4.3"
"RColorBrewer","1.1-3","/home/user3/GJC_KDW_250721/renv/library/R-4.3/x86_64-pc-linux-gnu"
"RColorBrewer","1.1-3","/home/user3/R/x86_64-pc-linux-gnu-library/4.3"
"Rcpp","1.1.0","/home/user3/GJC_KDW_250721/renv/library/R-4.3/x86_64-pc-linux-gnu"
"Rcpp","1.1.0","/home/user3/R/x86_64-pc-linux-gnu-library/4.3"
"RcppAnnoy","0.0.22","/home/user3/GJC_KDW_250721/renv/library/R-4.3/x86_64-pc-linux-gnu"
"RcppAnnoy","0.0.22","/home/user3/R/x86_64-pc-linux-gnu-library/4.3"
"RcppArmadillo","15.0.2-2","/home/user3/GJC_KDW_250721/renv/library/R-4.3/x86_64-pc-linux-gnu"
"RcppArmadillo","15.2.2-1","/home/user3/R/x86_64-pc-linux-gnu-library/4.3"
"RcppEigen","0.3.4.0.2","/home/user3/GJC_KDW_250721/renv/library/R-4.3/x86_64-pc-linux-gnu"
"RcppEigen","0.3.4.0.2","/home/user3/R/x86_64-pc-linux-gnu-library/4.3"
"RcppHNSW","0.6.0","/home/user3/GJC_KDW_250721/renv/library/R-4.3/x86_64-pc-linux-gnu"
"RcppHNSW","0.6.0","/home/user3/R/x86_64-pc-linux-gnu-library/4.3"
"RcppML","0.3.7","/home/user3/GJC_KDW_250721/renv/library/R-4.3/x86_64-pc-linux-gnu"
"RcppParallel","5.1.8","/home/user3/GJC_KDW_250721/renv/library/R-4.3/x86_64-pc-linux-gnu"
"RcppParallel","5.1.11-1","/home/user3/R/x86_64-pc-linux-gnu-library/4.3"
"RcppProgress","0.4.2","/home/user3/GJC_KDW_250721/renv/library/R-4.3/x86_64-pc-linux-gnu"
"RcppProgress","0.4.2","/home/user3/R/x86_64-pc-linux-gnu-library/4.3"
"RcppRoll","0.3.1","/home/user3/GJC_KDW_250721/renv/library/R-4.3/x86_64-pc-linux-gnu"
"RcppTOML","0.2.3","/home/user3/GJC_KDW_250721/renv/library/R-4.3/x86_64-pc-linux-gnu"
"RcppTOML","0.2.3","/home/user3/R/x86_64-pc-linux-gnu-library/4.3"
"RCurl","1.98-1.17","/home/user3/GJC_KDW_250721/renv/library/R-4.3/x86_64-pc-linux-gnu"
"RCurl","1.98-1.17","/home/user3/R/x86_64-pc-linux-gnu-library/4.3"
"Rdpack","2.6.4","/home/user3/GJC_KDW_250721/renv/library/R-4.3/x86_64-pc-linux-gnu"
"Rdpack","2.6.4","/home/user3/R/x86_64-pc-linux-gnu-library/4.3"
"readr","2.1.5","/home/user3/GJC_KDW_250721/renv/library/R-4.3/x86_64-pc-linux-gnu"
"readr","2.1.6","/home/user3/R/x86_64-pc-linux-gnu-library/4.3"
"readxl","1.4.5","/home/user3/GJC_KDW_250721/renv/library/R-4.3/x86_64-pc-linux-gnu"
"readxl","1.4.5","/home/user3/R/x86_64-pc-linux-gnu-library/4.3"
"recipes","1.3.1","/home/user3/GJC_KDW_250721/renv/library/R-4.3/x86_64-pc-linux-gnu"
"recipes","1.3.1","/home/user3/R/x86_64-pc-linux-gnu-library/4.3"
"reformulas","0.4.2","/home/user3/GJC_KDW_250721/renv/library/R-4.3/x86_64-pc-linux-gnu"
"reformulas","0.4.2","/home/user3/R/x86_64-pc-linux-gnu-library/4.3"
"registry","0.5-1","/home/user3/GJC_KDW_250721/renv/library/R-4.3/x86_64-pc-linux-gnu"
"registry","0.5-1","/home/user3/R/x86_64-pc-linux-gnu-library/4.3"
"remaCor","0.0.20","/home/user3/GJC_KDW_250721/renv/library/R-4.3/x86_64-pc-linux-gnu"
"rematch","2.0.0","/home/user3/GJC_KDW_250721/renv/library/R-4.3/x86_64-pc-linux-gnu"
"rematch","2.0.0","/home/user3/R/x86_64-pc-linux-gnu-library/4.3"
"rematch2","2.1.2","/home/user3/GJC_KDW_250721/renv/library/R-4.3/x86_64-pc-linux-gnu"
"rematch2","2.1.2","/home/user3/R/x86_64-pc-linux-gnu-library/4.3"
"remotes","2.5.0","/home/user3/GJC_KDW_250721/renv/library/R-4.3/x86_64-pc-linux-gnu"
"remotes","2.5.0","/home/user3/R/x86_64-pc-linux-gnu-library/4.3"
"renv","1.1.5","/home/user3/GJC_KDW_250721/renv/library/R-4.3/x86_64-pc-linux-gnu"
"renv","1.1.5","/home/user3/R/x86_64-pc-linux-gnu-library/4.3"
"reprex","2.1.1","/home/user3/GJC_KDW_250721/renv/library/R-4.3/x86_64-pc-linux-gnu"
"reprex","2.1.1","/home/user3/R/x86_64-pc-linux-gnu-library/4.3"
"reshape","0.8.10","/home/user3/GJC_KDW_250721/renv/library/R-4.3/x86_64-pc-linux-gnu"
"reshape","0.8.10","/home/user3/R/x86_64-pc-linux-gnu-library/4.3"
"reshape2","1.4.4","/home/user3/GJC_KDW_250721/renv/library/R-4.3/x86_64-pc-linux-gnu"
"reshape2","1.4.5","/home/user3/R/x86_64-pc-linux-gnu-library/4.3"
"ResidualMatrix","1.12.0","/home/user3/GJC_KDW_250721/renv/library/R-4.3/x86_64-pc-linux-gnu"
"restfulr","0.0.15","/home/user3/GJC_KDW_250721/renv/library/R-4.3/x86_64-pc-linux-gnu"
"reticulate","1.44.0","/home/user3/GJC_KDW_250721/renv/library/R-4.3/x86_64-pc-linux-gnu"
"reticulate","1.44.1","/home/user3/R/x86_64-pc-linux-gnu-library/4.3"
"rex","1.2.1","/home/user3/GJC_KDW_250721/renv/library/R-4.3/x86_64-pc-linux-gnu"
"rex","1.2.1","/home/user3/R/x86_64-pc-linux-gnu-library/4.3"
"Rfast","2.1.5.2","/home/user3/GJC_KDW_250721/renv/library/R-4.3/x86_64-pc-linux-gnu"
"Rgraphviz","2.46.0","/home/user3/GJC_KDW_250721/renv/library/R-4.3/x86_64-pc-linux-gnu"
"rhdf5","2.46.1","/home/user3/GJC_KDW_250721/renv/library/R-4.3/x86_64-pc-linux-gnu"
"rhdf5","2.46.1","/home/user3/R/x86_64-pc-linux-gnu-library/4.3"
"rhdf5filters","1.14.1","/home/user3/GJC_KDW_250721/renv/library/R-4.3/x86_64-pc-linux-gnu"
"rhdf5filters","1.14.1","/home/user3/R/x86_64-pc-linux-gnu-library/4.3"
"Rhdf5lib","1.24.2","/home/user3/GJC_KDW_250721/renv/library/R-4.3/x86_64-pc-linux-gnu"
"Rhdf5lib","1.24.2","/home/user3/R/x86_64-pc-linux-gnu-library/4.3"
"RhpcBLASctl","0.23-42","/home/user3/GJC_KDW_250721/renv/library/R-4.3/x86_64-pc-linux-gnu"
"Rhtslib","2.4.1","/home/user3/GJC_KDW_250721/renv/library/R-4.3/x86_64-pc-linux-gnu"
"rio","1.2.3","/home/user3/GJC_KDW_250721/renv/library/R-4.3/x86_64-pc-linux-gnu"
"rjson","0.2.23","/home/user3/GJC_KDW_250721/renv/library/R-4.3/x86_64-pc-linux-gnu"
"rjson","0.2.23","/home/user3/R/x86_64-pc-linux-gnu-library/4.3"
"rlang","1.1.6","/home/user3/GJC_KDW_250721/renv/library/R-4.3/x86_64-pc-linux-gnu"
"rlang","1.1.6","/home/user3/R/x86_64-pc-linux-gnu-library/4.3"
"rmarkdown","2.30","/home/user3/GJC_KDW_250721/renv/library/R-4.3/x86_64-pc-linux-gnu"
"rmarkdown","2.30","/home/user3/R/x86_64-pc-linux-gnu-library/4.3"
"rmdpartials","0.5.8","/home/user3/GJC_KDW_250721/renv/library/R-4.3/x86_64-pc-linux-gnu"
"rngtools","1.5.2","/home/user3/GJC_KDW_250721/renv/library/R-4.3/x86_64-pc-linux-gnu"
"rngtools","1.5.2","/home/user3/R/x86_64-pc-linux-gnu-library/4.3"
"robustbase","0.99-3","/home/user3/GJC_KDW_250721/renv/library/R-4.3/x86_64-pc-linux-gnu"
"ROCR","1.0-11","/home/user3/GJC_KDW_250721/renv/library/R-4.3/x86_64-pc-linux-gnu"
"ROCR","1.0-11","/home/user3/R/x86_64-pc-linux-gnu-library/4.3"
"roxygen2","7.3.2","/home/user3/GJC_KDW_250721/renv/library/R-4.3/x86_64-pc-linux-gnu"
"roxygen2","7.3.3","/home/user3/R/x86_64-pc-linux-gnu-library/4.3"
"rpart","4.1.16","/home/user3/GJC_KDW_250721/renv/library/R-4.3/x86_64-pc-linux-gnu"
"rpart","4.1.21","/opt/R/4.3.2/lib/R/library"
"rpf","1.0.15","/home/user3/GJC_KDW_250721/renv/library/R-4.3/x86_64-pc-linux-gnu"
"rprojroot","2.1.1","/home/user3/GJC_KDW_250721/renv/library/R-4.3/x86_64-pc-linux-gnu"
"rprojroot","2.1.1","/home/user3/R/x86_64-pc-linux-gnu-library/4.3"
"rsample","1.3.1","/home/user3/GJC_KDW_250721/renv/library/R-4.3/x86_64-pc-linux-gnu"
"Rsamtools","2.18.0","/home/user3/GJC_KDW_250721/renv/library/R-4.3/x86_64-pc-linux-gnu"
"RSNNS","0.4-17","/home/user3/GJC_KDW_250721/renv/library/R-4.3/x86_64-pc-linux-gnu"
"RSNNS","0.4-17","/home/user3/R/x86_64-pc-linux-gnu-library/4.3"
"RSpectra","0.16-2","/home/user3/GJC_KDW_250721/renv/library/R-4.3/x86_64-pc-linux-gnu"
"RSpectra","0.16-2","/home/user3/R/x86_64-pc-linux-gnu-library/4.3"
"RSQLite","2.4.3","/home/user3/GJC_KDW_250721/renv/library/R-4.3/x86_64-pc-linux-gnu"
"RSQLite","2.4.4","/home/user3/R/x86_64-pc-linux-gnu-library/4.3"
"rstatix","0.7.3","/home/user3/GJC_KDW_250721/renv/library/R-4.3/x86_64-pc-linux-gnu"
"rstatix","0.7.3","/home/user3/R/x86_64-pc-linux-gnu-library/4.3"
"rstudioapi","0.17.1","/home/user3/GJC_KDW_250721/renv/library/R-4.3/x86_64-pc-linux-gnu"
"rstudioapi","0.17.1","/home/user3/R/x86_64-pc-linux-gnu-library/4.3"
"rsvd","1.0.5","/home/user3/GJC_KDW_250721/renv/library/R-4.3/x86_64-pc-linux-gnu"
"rsvg","2.7.0","/home/user3/GJC_KDW_250721/renv/library/R-4.3/x86_64-pc-linux-gnu"
"rsvg","2.7.0","/home/user3/R/x86_64-pc-linux-gnu-library/4.3"
"rtracklayer","1.62.0","/home/user3/GJC_KDW_250721/renv/library/R-4.3/x86_64-pc-linux-gnu"
"Rtsne","0.17","/home/user3/GJC_KDW_250721/renv/library/R-4.3/x86_64-pc-linux-gnu"
"Rtsne","0.17","/home/user3/R/x86_64-pc-linux-gnu-library/4.3"
"rversions","2.1.2","/home/user3/GJC_KDW_250721/renv/library/R-4.3/x86_64-pc-linux-gnu"
"rversions","3.0.0","/home/user3/R/x86_64-pc-linux-gnu-library/4.3"
"rvest","1.0.5","/home/user3/GJC_KDW_250721/renv/library/R-4.3/x86_64-pc-linux-gnu"
"rvest","1.0.5","/home/user3/R/x86_64-pc-linux-gnu-library/4.3"
"s2","1.1.7","/home/user3/GJC_KDW_250721/renv/library/R-4.3/x86_64-pc-linux-gnu"
"S4Arrays","1.2.1","/home/user3/GJC_KDW_250721/renv/library/R-4.3/x86_64-pc-linux-gnu"
"S4Arrays","1.2.1","/home/user3/R/x86_64-pc-linux-gnu-library/4.3"
"S4Vectors","0.40.2","/home/user3/GJC_KDW_250721/renv/library/R-4.3/x86_64-pc-linux-gnu"
"S4Vectors","0.38.2","/home/user3/R/x86_64-pc-linux-gnu-library/4.3"
"S7","0.2.0","/home/user3/GJC_KDW_250721/renv/library/R-4.3/x86_64-pc-linux-gnu"
"S7","0.2.1","/home/user3/R/x86_64-pc-linux-gnu-library/4.3"
"sandwich","3.1-0","/home/user3/GJC_KDW_250721/renv/library/R-4.3/x86_64-pc-linux-gnu"
"sass","0.4.10","/home/user3/GJC_KDW_250721/renv/library/R-4.3/x86_64-pc-linux-gnu"
"sass","0.4.10","/home/user3/R/x86_64-pc-linux-gnu-library/4.3"
"ScaledMatrix","1.10.0","/home/user3/GJC_KDW_250721/renv/library/R-4.3/x86_64-pc-linux-gnu"
"scales","1.4.0","/home/user3/GJC_KDW_250721/renv/library/R-4.3/x86_64-pc-linux-gnu"
"scales","1.4.0","/home/user3/R/x86_64-pc-linux-gnu-library/4.3"
"scater","1.30.1","/home/user3/GJC_KDW_250721/renv/library/R-4.3/x86_64-pc-linux-gnu"
"scattermore","1.2","/home/user3/GJC_KDW_250721/renv/library/R-4.3/x86_64-pc-linux-gnu"
"scattermore","1.2","/home/user3/R/x86_64-pc-linux-gnu-library/4.3"
"scatterpie","0.2.6","/home/user3/GJC_KDW_250721/renv/library/R-4.3/x86_64-pc-linux-gnu"
"scatterpie","0.2.6","/home/user3/R/x86_64-pc-linux-gnu-library/4.3"
"scatterplot3d","0.3-44","/home/user3/GJC_KDW_250721/renv/library/R-4.3/x86_64-pc-linux-gnu"
"scDblFinder","1.16.0","/home/user3/GJC_KDW_250721/renv/library/R-4.3/x86_64-pc-linux-gnu"
"scran","1.30.2","/home/user3/GJC_KDW_250721/renv/library/R-4.3/x86_64-pc-linux-gnu"
"SCRT","1.3.1","/home/user3/GJC_KDW_250721/renv/library/R-4.3/x86_64-pc-linux-gnu"
"sctransform","0.4.2","/home/user3/GJC_KDW_250721/renv/library/R-4.3/x86_64-pc-linux-gnu"
"sctransform","0.4.2","/home/user3/R/x86_64-pc-linux-gnu-library/4.3"
"scuttle","1.12.0","/home/user3/GJC_KDW_250721/renv/library/R-4.3/x86_64-pc-linux-gnu"
"selectr","0.4-2","/home/user3/GJC_KDW_250721/renv/library/R-4.3/x86_64-pc-linux-gnu"
"selectr","0.4-2","/home/user3/R/x86_64-pc-linux-gnu-library/4.3"
"sem","3.1-16","/home/user3/GJC_KDW_250721/renv/library/R-4.3/x86_64-pc-linux-gnu"
"semTools","0.5-7","/home/user3/GJC_KDW_250721/renv/library/R-4.3/x86_64-pc-linux-gnu"
"seqLogo","1.68.0","/home/user3/GJC_KDW_250721/renv/library/R-4.3/x86_64-pc-linux-gnu"
"sessioninfo","1.2.2","/home/user3/GJC_KDW_250721/renv/library/R-4.3/x86_64-pc-linux-gnu"
"sessioninfo","1.2.3","/home/user3/R/x86_64-pc-linux-gnu-library/4.3"
"Seurat","5.3.1","/home/user3/GJC_KDW_250721/renv/library/R-4.3/x86_64-pc-linux-gnu"
"Seurat","5.3.1","/home/user3/R/x86_64-pc-linux-gnu-library/4.3"
"SeuratData","0.2.2.9002","/home/user3/GJC_KDW_250721/renv/library/R-4.3/x86_64-pc-linux-gnu"
"SeuratDisk","0.0.0.9021","/home/user3/GJC_KDW_250721/renv/library/R-4.3/x86_64-pc-linux-gnu"
"SeuratObject","5.2.0","/home/user3/GJC_KDW_250721/renv/library/R-4.3/x86_64-pc-linux-gnu"
"SeuratObject","5.2.0","/home/user3/R/x86_64-pc-linux-gnu-library/4.3"
"SeuratWrappers","0.4.0","/home/user3/GJC_KDW_250721/renv/library/R-4.3/x86_64-pc-linux-gnu"
"sf","1.0-21","/home/user3/GJC_KDW_250721/renv/library/R-4.3/x86_64-pc-linux-gnu"
"shadowtext","0.1.4","/home/user3/GJC_KDW_250721/renv/library/R-4.3/x86_64-pc-linux-gnu"
"shadowtext","0.1.6","/home/user3/R/x86_64-pc-linux-gnu-library/4.3"
"shape","1.4.6.1","/home/user3/GJC_KDW_250721/renv/library/R-4.3/x86_64-pc-linux-gnu"
"shape","1.4.6.1","/home/user3/R/x86_64-pc-linux-gnu-library/4.3"
"shiny","1.11.1","/home/user3/GJC_KDW_250721/renv/library/R-4.3/x86_64-pc-linux-gnu"
"shiny","1.12.0","/home/user3/R/x86_64-pc-linux-gnu-library/4.3"
"shinyBS","0.61.1","/home/user3/GJC_KDW_250721/renv/library/R-4.3/x86_64-pc-linux-gnu"
"shinydashboard","0.7.3","/home/user3/GJC_KDW_250721/renv/library/R-4.3/x86_64-pc-linux-gnu"
"shinyjs","2.1.0","/home/user3/GJC_KDW_250721/renv/library/R-4.3/x86_64-pc-linux-gnu"
"shinyWidgets","0.9.0","/home/user3/GJC_KDW_250721/renv/library/R-4.3/x86_64-pc-linux-gnu"
"Signac","1.16.0","/home/user3/GJC_KDW_250721/renv/library/R-4.3/x86_64-pc-linux-gnu"
"SingleCellExperiment","1.24.0","/home/user3/GJC_KDW_250721/renv/library/R-4.3/x86_64-pc-linux-gnu"
"SingleCellExperiment","1.24.0","/home/user3/R/x86_64-pc-linux-gnu-library/4.3"
"SingleR","2.4.1","/home/user3/GJC_KDW_250721/renv/library/R-4.3/x86_64-pc-linux-gnu"
"sitmo","2.0.2","/home/user3/GJC_KDW_250721/renv/library/R-4.3/x86_64-pc-linux-gnu"
"sitmo","2.0.2","/home/user3/R/x86_64-pc-linux-gnu-library/4.3"
"slam","0.1-55","/home/user3/GJC_KDW_250721/renv/library/R-4.3/x86_64-pc-linux-gnu"
"slider","0.3.2","/home/user3/GJC_KDW_250721/renv/library/R-4.3/x86_64-pc-linux-gnu"
"slingshot","2.10.0","/home/user3/GJC_KDW_250721/renv/library/R-4.3/x86_64-pc-linux-gnu"
"slingshot","2.10.0","/home/user3/R/x86_64-pc-linux-gnu-library/4.3"
"smoof","1.6.0.3","/home/user3/GJC_KDW_250721/renv/library/R-4.3/x86_64-pc-linux-gnu"
"smoof","1.6.0.3","/home/user3/R/x86_64-pc-linux-gnu-library/4.3"
"sn","2.1.1","/home/user3/GJC_KDW_250721/renv/library/R-4.3/x86_64-pc-linux-gnu"
"sna","2.7-2","/home/user3/GJC_KDW_250721/renv/library/R-4.3/x86_64-pc-linux-gnu"
"snow","0.4-4","/home/user3/GJC_KDW_250721/renv/library/R-4.3/x86_64-pc-linux-gnu"
"snow","0.4-4","/home/user3/R/x86_64-pc-linux-gnu-library/4.3"
"SoupX","1.6.2","/home/user3/GJC_KDW_250721/renv/library/R-4.3/x86_64-pc-linux-gnu"
"sourcetools","0.1.7-1","/home/user3/GJC_KDW_250721/renv/library/R-4.3/x86_64-pc-linux-gnu"
"sourcetools","0.1.7-1","/home/user3/R/x86_64-pc-linux-gnu-library/4.3"
"sp","2.2-0","/home/user3/GJC_KDW_250721/renv/library/R-4.3/x86_64-pc-linux-gnu"
"sp","2.2-0","/home/user3/R/x86_64-pc-linux-gnu-library/4.3"
"spam","2.11-1","/home/user3/GJC_KDW_250721/renv/library/R-4.3/x86_64-pc-linux-gnu"
"spam","2.11-1","/home/user3/R/x86_64-pc-linux-gnu-library/4.3"
"SparseArray","1.2.4","/home/user3/GJC_KDW_250721/renv/library/R-4.3/x86_64-pc-linux-gnu"
"SparseArray","1.2.4","/home/user3/R/x86_64-pc-linux-gnu-library/4.3"
"SparseM","1.84-2","/home/user3/GJC_KDW_250721/renv/library/R-4.3/x86_64-pc-linux-gnu"
"SparseM","1.84-2","/home/user3/R/x86_64-pc-linux-gnu-library/4.3"
"sparseMatrixStats","1.14.0","/home/user3/GJC_KDW_250721/renv/library/R-4.3/x86_64-pc-linux-gnu"
"sparsevctrs","0.3.4","/home/user3/GJC_KDW_250721/renv/library/R-4.3/x86_64-pc-linux-gnu"
"sparsevctrs","0.3.4","/home/user3/R/x86_64-pc-linux-gnu-library/4.3"
"spatial","7.3-17","/opt/R/4.3.2/lib/R/library"
"spatstat.data","3.1-9","/home/user3/GJC_KDW_250721/renv/library/R-4.3/x86_64-pc-linux-gnu"
"spatstat.data","3.1-9","/home/user3/R/x86_64-pc-linux-gnu-library/4.3"
"spatstat.explore","3.5-3","/home/user3/GJC_KDW_250721/renv/library/R-4.3/x86_64-pc-linux-gnu"
"spatstat.explore","3.6-0","/home/user3/R/x86_64-pc-linux-gnu-library/4.3"
"spatstat.geom","3.6-0","/home/user3/GJC_KDW_250721/renv/library/R-4.3/x86_64-pc-linux-gnu"
"spatstat.geom","3.6-1","/home/user3/R/x86_64-pc-linux-gnu-library/4.3"
"spatstat.random","3.4-2","/home/user3/GJC_KDW_250721/renv/library/R-4.3/x86_64-pc-linux-gnu"
"spatstat.random","3.4-3","/home/user3/R/x86_64-pc-linux-gnu-library/4.3"
"spatstat.sparse","3.1-0","/home/user3/GJC_KDW_250721/renv/library/R-4.3/x86_64-pc-linux-gnu"
"spatstat.sparse","3.1-0","/home/user3/R/x86_64-pc-linux-gnu-library/4.3"
"spatstat.univar","3.1-4","/home/user3/GJC_KDW_250721/renv/library/R-4.3/x86_64-pc-linux-gnu"
"spatstat.univar","3.1-5","/home/user3/R/x86_64-pc-linux-gnu-library/4.3"
"spatstat.utils","3.2-0","/home/user3/GJC_KDW_250721/renv/library/R-4.3/x86_64-pc-linux-gnu"
"spatstat.utils","3.2-0","/home/user3/R/x86_64-pc-linux-gnu-library/4.3"
"spData","2.3.4","/home/user3/GJC_KDW_250721/renv/library/R-4.3/x86_64-pc-linux-gnu"
"spdep","1.4-1","/home/user3/GJC_KDW_250721/renv/library/R-4.3/x86_64-pc-linux-gnu"
"speckle","1.2.0","/home/user3/GJC_KDW_250721/renv/library/R-4.3/x86_64-pc-linux-gnu"
"speedglm","0.3-4","/home/user3/GJC_KDW_250721/renv/library/R-4.3/x86_64-pc-linux-gnu"
"splines","4.3.2","/opt/R/4.3.2/lib/R/library"
"splitstackshape","1.4.8","/home/user3/GJC_KDW_250721/renv/library/R-4.3/x86_64-pc-linux-gnu"
"SQUAREM","2021.1","/home/user3/GJC_KDW_250721/renv/library/R-4.3/x86_64-pc-linux-gnu"
"SQUAREM","2021.1","/home/user3/R/x86_64-pc-linux-gnu-library/4.3"
"StanHeaders","2.32.10","/home/user3/GJC_KDW_250721/renv/library/R-4.3/x86_64-pc-linux-gnu"
"statmod","1.5.1","/home/user3/GJC_KDW_250721/renv/library/R-4.3/x86_64-pc-linux-gnu"
"statmod","1.5.1","/home/user3/R/x86_64-pc-linux-gnu-library/4.3"
"statnet.common","4.9.0","/home/user3/GJC_KDW_250721/renv/library/R-4.3/x86_64-pc-linux-gnu"
"stats","4.3.2","/opt/R/4.3.2/lib/R/library"
"stats4","4.3.2","/opt/R/4.3.2/lib/R/library"
"stringfish","0.17.0","/home/user3/GJC_KDW_250721/renv/library/R-4.3/x86_64-pc-linux-gnu"
"stringfish","0.17.0","/home/user3/R/x86_64-pc-linux-gnu-library/4.3"
"stringi","1.8.7","/home/user3/GJC_KDW_250721/renv/library/R-4.3/x86_64-pc-linux-gnu"
"stringi","1.8.7","/home/user3/R/x86_64-pc-linux-gnu-library/4.3"
"stringr","1.5.2","/home/user3/GJC_KDW_250721/renv/library/R-4.3/x86_64-pc-linux-gnu"
"stringr","1.6.0","/home/user3/R/x86_64-pc-linux-gnu-library/4.3"
"styler","1.11.0","/home/user3/GJC_KDW_250721/renv/library/R-4.3/x86_64-pc-linux-gnu"
"styler","1.11.0","/home/user3/R/x86_64-pc-linux-gnu-library/4.3"
"SummarizedExperiment","1.32.0","/home/user3/GJC_KDW_250721/renv/library/R-4.3/x86_64-pc-linux-gnu"
"SummarizedExperiment","1.32.0","/home/user3/R/x86_64-pc-linux-gnu-library/4.3"
"SuppDists","1.1-9.9","/home/user3/GJC_KDW_250721/renv/library/R-4.3/x86_64-pc-linux-gnu"
"survival","3.5-7","/home/user3/GJC_KDW_250721/renv/library/R-4.3/x86_64-pc-linux-gnu"
"survival","3.5-7","/opt/R/4.3.2/lib/R/library"
"sva","3.50.0","/home/user3/GJC_KDW_250721/renv/library/R-4.3/x86_64-pc-linux-gnu"
"svglite","2.1.3","/home/user3/GJC_KDW_250721/renv/library/R-4.3/x86_64-pc-linux-gnu"
"sys","3.4.3","/home/user3/GJC_KDW_250721/renv/library/R-4.3/x86_64-pc-linux-gnu"
"sys","3.4.3","/home/user3/R/x86_64-pc-linux-gnu-library/4.3"
"systemfonts","1.3.1","/home/user3/GJC_KDW_250721/renv/library/R-4.3/x86_64-pc-linux-gnu"
"systemfonts","1.3.1","/home/user3/R/x86_64-pc-linux-gnu-library/4.3"
"tcltk","4.3.2","/opt/R/4.3.2/lib/R/library"
"tensor","1.5.1","/home/user3/GJC_KDW_250721/renv/library/R-4.3/x86_64-pc-linux-gnu"
"tensor","1.5.1","/home/user3/R/x86_64-pc-linux-gnu-library/4.3"
"tester","0.3.0","/home/user3/R/x86_64-pc-linux-gnu-library/4.3"
"testthat","3.2.1.1","/home/user3/GJC_KDW_250721/renv/library/R-4.3/x86_64-pc-linux-gnu"
"testthat","3.3.0","/home/user3/R/x86_64-pc-linux-gnu-library/4.3"
"textshaping","1.0.4","/home/user3/GJC_KDW_250721/renv/library/R-4.3/x86_64-pc-linux-gnu"
"textshaping","1.0.4","/home/user3/R/x86_64-pc-linux-gnu-library/4.3"
"TFBSTools","1.40.0","/home/user3/GJC_KDW_250721/renv/library/R-4.3/x86_64-pc-linux-gnu"
"TFisher","0.2.0","/home/user3/GJC_KDW_250721/renv/library/R-4.3/x86_64-pc-linux-gnu"
"TFMPvalue","0.0.9","/home/user3/GJC_KDW_250721/renv/library/R-4.3/x86_64-pc-linux-gnu"
"TH.data","1.1-2","/home/user3/GJC_KDW_250721/renv/library/R-4.3/x86_64-pc-linux-gnu"
"this.path","2.7.1","/home/user3/GJC_KDW_250721/renv/library/R-4.3/x86_64-pc-linux-gnu"
"tibble","3.3.0","/home/user3/GJC_KDW_250721/renv/library/R-4.3/x86_64-pc-linux-gnu"
"tibble","3.3.0","/home/user3/R/x86_64-pc-linux-gnu-library/4.3"
"tidygraph","1.3.1","/home/user3/GJC_KDW_250721/renv/library/R-4.3/x86_64-pc-linux-gnu"
"tidygraph","1.3.1","/home/user3/R/x86_64-pc-linux-gnu-library/4.3"
"tidyr","1.3.1","/home/user3/GJC_KDW_250721/renv/library/R-4.3/x86_64-pc-linux-gnu"
"tidyr","1.3.1","/home/user3/R/x86_64-pc-linux-gnu-library/4.3"
"tidyselect","1.2.1","/home/user3/GJC_KDW_250721/renv/library/R-4.3/x86_64-pc-linux-gnu"
"tidyselect","1.2.1","/home/user3/R/x86_64-pc-linux-gnu-library/4.3"
"tidytree","0.4.6","/home/user3/GJC_KDW_250721/renv/library/R-4.3/x86_64-pc-linux-gnu"
"tidytree","0.4.6","/home/user3/R/x86_64-pc-linux-gnu-library/4.3"
"tidyverse","2.0.0","/home/user3/GJC_KDW_250721/renv/library/R-4.3/x86_64-pc-linux-gnu"
"tidyverse","2.0.0","/home/user3/R/x86_64-pc-linux-gnu-library/4.3"
"timechange","0.3.0","/home/user3/GJC_KDW_250721/renv/library/R-4.3/x86_64-pc-linux-gnu"
"timechange","0.3.0","/home/user3/R/x86_64-pc-linux-gnu-library/4.3"
"timeDate","4051.111","/home/user3/GJC_KDW_250721/renv/library/R-4.3/x86_64-pc-linux-gnu"
"timeDate","4051.111","/home/user3/R/x86_64-pc-linux-gnu-library/4.3"
"tinytex","0.57","/home/user3/GJC_KDW_250721/renv/library/R-4.3/x86_64-pc-linux-gnu"
"tinytex","0.58","/home/user3/R/x86_64-pc-linux-gnu-library/4.3"
"TMB","1.9.18","/home/user3/GJC_KDW_250721/renv/library/R-4.3/x86_64-pc-linux-gnu"
"tools","4.3.2","/opt/R/4.3.2/lib/R/library"
"topGO","2.54.0","/home/user3/R/x86_64-pc-linux-gnu-library/4.3"
"tradeSeq","1.16.0","/home/user3/GJC_KDW_250721/renv/library/R-4.3/x86_64-pc-linux-gnu"
"tradeSeq","1.16.0","/home/user3/R/x86_64-pc-linux-gnu-library/4.3"
"TrajectoryUtils","1.10.1","/home/user3/GJC_KDW_250721/renv/library/R-4.3/x86_64-pc-linux-gnu"
"TrajectoryUtils","1.10.1","/home/user3/R/x86_64-pc-linux-gnu-library/4.3"
"treeio","1.26.0","/home/user3/GJC_KDW_250721/renv/library/R-4.3/x86_64-pc-linux-gnu"
"treeio","1.26.0","/home/user3/R/x86_64-pc-linux-gnu-library/4.3"
"trust","0.1-8","/home/user3/GJC_KDW_250721/renv/library/R-4.3/x86_64-pc-linux-gnu"
"TSCAN","1.40.1","/home/user3/R/x86_64-pc-linux-gnu-library/4.3"
"tseries","0.10-58","/home/user3/GJC_KDW_250721/renv/library/R-4.3/x86_64-pc-linux-gnu"
"tseries","0.10-58","/home/user3/R/x86_64-pc-linux-gnu-library/4.3"
"TTR","0.24.4","/home/user3/GJC_KDW_250721/renv/library/R-4.3/x86_64-pc-linux-gnu"
"TTR","0.24.4","/home/user3/R/x86_64-pc-linux-gnu-library/4.3"
"tweenr","2.0.3","/home/user3/GJC_KDW_250721/renv/library/R-4.3/x86_64-pc-linux-gnu"
"tweenr","2.0.3","/home/user3/R/x86_64-pc-linux-gnu-library/4.3"
"tzdb","0.5.0","/home/user3/GJC_KDW_250721/renv/library/R-4.3/x86_64-pc-linux-gnu"
"tzdb","0.5.0","/home/user3/R/x86_64-pc-linux-gnu-library/4.3"
"UCell","2.6.2","/home/user3/GJC_KDW_250721/renv/library/R-4.3/x86_64-pc-linux-gnu"
"ufs","0.5.12","/home/user3/GJC_KDW_250721/renv/library/R-4.3/x86_64-pc-linux-gnu"
"umap","0.2.10.0","/home/user3/GJC_KDW_250721/renv/library/R-4.3/x86_64-pc-linux-gnu"
"units","1.0-0","/home/user3/GJC_KDW_250721/renv/library/R-4.3/x86_64-pc-linux-gnu"
"UpSetR","1.4.0","/home/user3/GJC_KDW_250721/renv/library/R-4.3/x86_64-pc-linux-gnu"
"urca","1.3-4","/home/user3/GJC_KDW_250721/renv/library/R-4.3/x86_64-pc-linux-gnu"
"urca","1.3-4","/home/user3/R/x86_64-pc-linux-gnu-library/4.3"
"urlchecker","1.0.1","/home/user3/GJC_KDW_250721/renv/library/R-4.3/x86_64-pc-linux-gnu"
"urlchecker","1.0.1","/home/user3/R/x86_64-pc-linux-gnu-library/4.3"
"userfriendlyscience","0.7.2","/home/user3/GJC_KDW_250721/renv/library/R-4.3/x86_64-pc-linux-gnu"
"usethis","2.2.3","/home/user3/GJC_KDW_250721/renv/library/R-4.3/x86_64-pc-linux-gnu"
"usethis","3.2.1","/home/user3/R/x86_64-pc-linux-gnu-library/4.3"
"utf8","1.2.6","/home/user3/GJC_KDW_250721/renv/library/R-4.3/x86_64-pc-linux-gnu"
"utf8","1.2.6","/home/user3/R/x86_64-pc-linux-gnu-library/4.3"
"utils","4.3.2","/opt/R/4.3.2/lib/R/library"
"uuid","1.2-1","/home/user3/GJC_KDW_250721/renv/library/R-4.3/x86_64-pc-linux-gnu"
"uuid","1.2-1","/home/user3/R/x86_64-pc-linux-gnu-library/4.3"
"uwot","0.2.3","/home/user3/GJC_KDW_250721/renv/library/R-4.3/x86_64-pc-linux-gnu"
"uwot","0.2.4","/home/user3/R/x86_64-pc-linux-gnu-library/4.3"
"V8","8.0.1","/home/user3/GJC_KDW_250721/renv/library/R-4.3/x86_64-pc-linux-gnu"
"V8","8.0.1","/home/user3/R/x86_64-pc-linux-gnu-library/4.3"
"variancePartition","1.32.5","/home/user3/GJC_KDW_250721/renv/library/R-4.3/x86_64-pc-linux-gnu"
"vctrs","0.6.5","/home/user3/GJC_KDW_250721/renv/library/R-4.3/x86_64-pc-linux-gnu"
"vctrs","0.6.5","/home/user3/R/x86_64-pc-linux-gnu-library/4.3"
"vegan","2.7-2","/home/user3/GJC_KDW_250721/renv/library/R-4.3/x86_64-pc-linux-gnu"
"VGAM","1.1-13","/home/user3/GJC_KDW_250721/renv/library/R-4.3/x86_64-pc-linux-gnu"
"vipor","0.4.7","/home/user3/GJC_KDW_250721/renv/library/R-4.3/x86_64-pc-linux-gnu"
"viridis","0.6.5","/home/user3/GJC_KDW_250721/renv/library/R-4.3/x86_64-pc-linux-gnu"
"viridis","0.6.5","/home/user3/R/x86_64-pc-linux-gnu-library/4.3"
"viridisLite","0.4.2","/home/user3/GJC_KDW_250721/renv/library/R-4.3/x86_64-pc-linux-gnu"
"viridisLite","0.4.2","/home/user3/R/x86_64-pc-linux-gnu-library/4.3"
"visNetwork","2.1.4","/home/user3/GJC_KDW_250721/renv/library/R-4.3/x86_64-pc-linux-gnu"
"visNetwork","2.1.4","/home/user3/R/x86_64-pc-linux-gnu-library/4.3"
"vroom","1.6.6","/home/user3/GJC_KDW_250721/renv/library/R-4.3/x86_64-pc-linux-gnu"
"vroom","1.6.6","/home/user3/R/x86_64-pc-linux-gnu-library/4.3"
"waldo","0.5.2","/home/user3/GJC_KDW_250721/renv/library/R-4.3/x86_64-pc-linux-gnu"
"waldo","0.6.2","/home/user3/R/x86_64-pc-linux-gnu-library/4.3"
"warp","0.2.1","/home/user3/GJC_KDW_250721/renv/library/R-4.3/x86_64-pc-linux-gnu"
"whisker","0.4.1","/home/user3/GJC_KDW_250721/renv/library/R-4.3/x86_64-pc-linux-gnu"
"whisker","0.4.1","/home/user3/R/x86_64-pc-linux-gnu-library/4.3"
"withr","3.0.2","/home/user3/GJC_KDW_250721/renv/library/R-4.3/x86_64-pc-linux-gnu"
"withr","3.0.2","/home/user3/R/x86_64-pc-linux-gnu-library/4.3"
"wk","0.9.4","/home/user3/GJC_KDW_250721/renv/library/R-4.3/x86_64-pc-linux-gnu"
"writexl","1.5.0","/home/user3/GJC_KDW_250721/renv/library/R-4.3/x86_64-pc-linux-gnu"
"WriteXLS","6.8.0","/home/user3/GJC_KDW_250721/renv/library/R-4.3/x86_64-pc-linux-gnu"
"xfun","0.53","/home/user3/GJC_KDW_250721/renv/library/R-4.3/x86_64-pc-linux-gnu"
"xfun","0.54","/home/user3/R/x86_64-pc-linux-gnu-library/4.3"
"xgboost","1.7.11.1","/home/user3/GJC_KDW_250721/renv/library/R-4.3/x86_64-pc-linux-gnu"
"xgboost","1.7.11.1","/home/user3/R/x86_64-pc-linux-gnu-library/4.3"
"XML","3.99-0.19","/home/user3/GJC_KDW_250721/renv/library/R-4.3/x86_64-pc-linux-gnu"
"XML","3.99-0.20","/home/user3/R/x86_64-pc-linux-gnu-library/4.3"
"xml2","1.4.1","/home/user3/GJC_KDW_250721/renv/library/R-4.3/x86_64-pc-linux-gnu"
"xml2","1.4.1","/home/user3/R/x86_64-pc-linux-gnu-library/4.3"
"xmlparsedata","1.0.5","/home/user3/GJC_KDW_250721/renv/library/R-4.3/x86_64-pc-linux-gnu"
"xmlparsedata","1.0.5","/home/user3/R/x86_64-pc-linux-gnu-library/4.3"
"xopen","1.0.1","/home/user3/GJC_KDW_250721/renv/library/R-4.3/x86_64-pc-linux-gnu"
"xopen","1.0.1","/home/user3/R/x86_64-pc-linux-gnu-library/4.3"
"xtable","1.8-4","/home/user3/GJC_KDW_250721/renv/library/R-4.3/x86_64-pc-linux-gnu"
"xtable","1.8-4","/home/user3/R/x86_64-pc-linux-gnu-library/4.3"
"xts","0.14.1","/home/user3/GJC_KDW_250721/renv/library/R-4.3/x86_64-pc-linux-gnu"
"xts","0.14.1","/home/user3/R/x86_64-pc-linux-gnu-library/4.3"
"XVector","0.42.0","/home/user3/GJC_KDW_250721/renv/library/R-4.3/x86_64-pc-linux-gnu"
"XVector","0.42.0","/home/user3/R/x86_64-pc-linux-gnu-library/4.3"
"yaml","2.3.10","/home/user3/GJC_KDW_250721/renv/library/R-4.3/x86_64-pc-linux-gnu"
"yaml","2.3.11","/home/user3/R/x86_64-pc-linux-gnu-library/4.3"
"yardstick","1.3.2","/home/user3/R/x86_64-pc-linux-gnu-library/4.3"
"yulab.utils","0.2.1","/home/user3/GJC_KDW_250721/renv/library/R-4.3/x86_64-pc-linux-gnu"
"yulab.utils","0.2.1","/home/user3/R/x86_64-pc-linux-gnu-library/4.3"
"zigg","0.0.2","/home/user3/GJC_KDW_250721/renv/library/R-4.3/x86_64-pc-linux-gnu"
"zip","2.3.1","/home/user3/GJC_KDW_250721/renv/library/R-4.3/x86_64-pc-linux-gnu"
"zip","2.3.3","/home/user3/R/x86_64-pc-linux-gnu-library/4.3"
"zlibbioc","1.48.2","/home/user3/GJC_KDW_250721/renv/library/R-4.3/x86_64-pc-linux-gnu"
"zlibbioc","1.48.2","/home/user3/R/x86_64-pc-linux-gnu-library/4.3"
"zoo","1.8-14","/home/user3/GJC_KDW_250721/renv/library/R-4.3/x86_64-pc-linux-gnu"
"zoo","1.8-14","/home/user3/R/x86_64-pc-linux-gnu-library/4.3"
